# First field is # dimensions of each datapoint, 2nd is gesture class, Next fields are raw time series in order t_f1[0], t_f2[0], t_f3[0] etc. where f1, f2, etc are features and [0] is time
3,1,-112.0,-560.0,-752.0,-112.0,-560.0,-752.0,-112.0,-560.0,-752.0,-64.0,-544.0,-704.0,-64.0,-544.0,-704.0,-64.0,-544.0,-704.0,48.0,-560.0,-656.0,48.0,-560.0,-656.0,48.0,-560.0,-656.0,32.0,-528.0,-816.0,32.0,-528.0,-816.0,32.0,-528.0,-816.0,32.0,-528.0,-816.0,-96.0,-496.0,-960.0,-96.0,-496.0,-960.0,-96.0,-496.0,-960.0,16.0,-496.0,-1024.0,16.0,-496.0,-1024.0,16.0,-496.0,-1024.0,352.0,-512.0,-976.0,352.0,-512.0,-976.0,352.0,-512.0,-976.0,352.0,-512.0,-976.0,640.0,-528.0,-848.0,640.0,-528.0,-848.0,640.0,-528.0,-848.0,560.0,-464.0,-848.0,560.0,-464.0,-848.0,560.0,-464.0,-848.0,-16.0,-336.0,-1168.0,-16.0,-336.0,-1168.0,-16.0,-336.0,-1168.0,-16.0,-336.0,-1168.0,-496.0,-208.0,-1472.0,-496.0,-208.0,-1472.0,-496.0,-208.0,-1472.0,-512.0,-224.0,-1424.0,-512.0,-224.0,-1424.0,-512.0,-224.0,-1424.0,-256.0,-304.0,-1088.0,-256.0,-304.0,-1088.0,-256.0,-304.0,-1088.0,-256.0,-304.0,-1088.0,-128.0,-352.0,-1056.0,-128.0,-352.0,-1056.0,-128.0,-352.0,-1056.0,-128.0,-304.0,-1296.0,-128.0,-304.0,-1296.0,-128.0,-304.0,-1296.0,-416.0,-256.0,-1472.0,-416.0,-256.0,-1472.0,-416.0,-256.0,-1472.0,-416.0,-256.0,-1472.0,-640.0,-240.0,-1376.0,-640.0,-240.0,-1376.0,-640.0,-240.0,-1376.0,-704.0,-256.0,-1376.0,-704.0,-256.0,-1376.0,-704.0,-256.0,-1376.0,-848.0,-240.0,-1424.0,-848.0,-240.0,-1424.0,-848.0,-240.0,-1424.0,-848.0,-240.0,-1424.0,-1024.0,-208.0,-1312.0,-1024.0,-208.0,-1312.0,-1024.0,-208.0,-1312.0,-1280.0,-240.0,-1232.0,-1280.0,-240.0,-1232.0,-1280.0,-240.0,-1232.0,-1552.0,-192.0,-1552.0,-1552.0,-192.0,-1552.0,-1552.0,-192.0,-1552.0,-1552.0,-192.0,-1552.0,-1344.0,-112.0,-1344.0,-1344.0,-112.0,-1344.0,-1344.0,-112.0,-1344.0,-816.0,-208.0,-640.0,-816.0,-208.0,-640.0,-816.0,-208.0,-640.0,-912.0,-272.0,-96.0,-912.0,-272.0,-96.0,-912.0,-272.0,-96.0,-912.0,-272.0,-96.0,-1216.0,-336.0,-192.0,-1216.0,-336.0,-192.0,-1216.0,-336.0,-192.0,-1136.0,-336.0,-768.0,-1136.0,-336.0,-768.0,-1136.0,-336.0,-768.0,-784.0,-336.0,-624.0,-784.0,-336.0,-624.0,-784.0,-336.0,-624.0,-784.0,-336.0,-624.0,-480.0,-368.0,112.0,-480.0,-368.0,112.0,-480.0,-368.0,112.0,-304.0,-464.0,560.0,-304.0,-464.0,560.0,-304.0,-464.0,560.0,-112.0,-656.0,592.0,-112.0,-656.0,592.0,-112.0,-656.0,592.0,-112.0,-656.0,592.0,-16.0,-720.0,384.0,-16.0,-720.0,384.0,-16.0,-720.0,384.0,128.0,-832.0,352.0,128.0,-832.0,352.0,128.0,-832.0,352.0,160.0,-800.0,288.0,160.0,-800.0,288.0,160.0,-800.0,288.0,160.0,-800.0,288.0,144.0,-848.0,512.0,144.0,-848.0,512.0,144.0,-848.0,512.0,112.0,-848.0,576.0,112.0,-848.0,576.0,112.0,-848.0,576.0,32.0,-832.0,496.0,32.0,-832.0,496.0,32.0,-832.0,496.0,32.0,-832.0,496.0,48.0,-832.0,352.0,48.0,-832.0,352.0,48.0,-832.0,352.0,192.0,-848.0,432.0,192.0,-848.0,432.0,192.0,-848.0,432.0,256.0,-832.0,672.0,256.0,-832.0,672.0,256.0,-832.0,672.0,256.0,-832.0,672.0,144.0,-752.0,720.0,144.0,-752.0,720.0,144.0,-752.0,720.0,112.0,-624.0,896.0,112.0,-624.0,896.0,112.0,-624.0,896.0,144.0,-496.0,1056.0,144.0,-496.0,1056.0,144.0,-496.0,1056.0,144.0,-496.0,1056.0,224.0,-256.0,1200.0,224.0,-256.0,1200.0,224.0,-256.0,1200.0,624.0,-16.0,1808.0,624.0,-16.0,1808.0,624.0,-16.0,1808.0,592.0,768.0,1824.0,592.0,768.0,1824.0,592.0,768.0,1824.0,592.0,768.0,1824.0,-144.0,1600.0,1488.0,-144.0,1600.0,1488.0,-144.0,1600.0,1488.0,-1248.0,2048.0,-880.0,-1248.0,2048.0,-880.0,-1248.0,2048.0,-880.0,-1632.0,1808.0,-2048.0,-1632.0,1808.0,-2048.0,-1632.0,1808.0,-2048.0,-1632.0,1808.0,-2048.0,-880.0,896.0,-2048.0,-880.0,896.0,-2048.0,-880.0,896.0,-2048.0,-448.0,192.0,-2048.0,-448.0,192.0,-2048.0,-448.0,192.0,-2048.0,-704.0,-64.0,-2048.0,-704.0,-64.0,-2048.0,-704.0,-64.0,-2048.0,-704.0,-64.0,-2048.0,-944.0,0.0,-2048.0,-944.0,0.0,-2048.0,-944.0,0.0,-2048.0,-864.0,0.0,-2048.0,-864.0,0.0,-2048.0,-864.0,0.0,-2048.0,-848.0,80.0,-1488.0,-848.0,80.0,-1488.0,-848.0,80.0,-1488.0,-848.0,80.0,-1488.0,-832.0,80.0,-1328.0,-832.0,80.0,-1328.0,-832.0,80.0,-1328.0,-560.0,-16.0,-1200.0,-560.0,-16.0,-1200.0,-560.0,-16.0,-1200.0,-256.0,-144.0,-1056.0,-256.0,-144.0,-1056.0,-256.0,-144.0,-1056.0,-256.0,-144.0,-1056.0,-208.0,-160.0,-1120.0,-208.0,-160.0,-1120.0,-208.0,-160.0,-1120.0,-528.0,-32.0,-608.0,-528.0,-32.0,-608.0,-528.0,-32.0,-608.0,-448.0,-96.0,-496.0,-448.0,-96.0,-496.0,-448.0,-96.0,-496.0,-448.0,-96.0,-496.0,-256.0,-144.0,-736.0,-256.0,-144.0,-736.0,-256.0,-144.0,-736.0,-352.0,-144.0,-896.0,-352.0,-144.0,-896.0,-352.0,-144.0,-896.0,-416.0,-128.0,-896.0,-416.0,-128.0,-896.0,-416.0,-128.0,-896.0,-416.0,-128.0,-896.0,-416.0,-96.0,-832.0,-416.0,-96.0,-832.0,-416.0,-96.0,-832.0,-384.0,-112.0,-784.0,-384.0,-112.0,-784.0,-384.0,-112.0,-784.0,-448.0,-128.0,-848.0,-448.0,-128.0,-848.0,-448.0,-128.0,-848.0,-448.0,-128.0,-848.0,-464.0,-144.0,-976.0,-464.0,-144.0,-976.0,-464.0,-144.0,-976.0,-400.0,-160.0,-1072.0,-400.0,-160.0,-1072.0,-400.0,-160.0,-1072.0,-384.0,-160.0,-992.0,-384.0,-160.0,-992.0,-384.0,-160.0,-992.0,-384.0,-160.0,-992.0,-336.0,-176.0,-832.0,-336.0,-176.0,-832.0,-336.0,-176.0,-832.0,-400.0,-144.0,-768.0,-400.0,-144.0,-768.0,-400.0,-144.0,-768.0,-480.0,-144.0,-784.0,-480.0,-144.0,-784.0,-480.0,-144.0,-784.0,-480.0,-144.0,-784.0,-464.0,-160.0,-816.0,-464.0,-160.0,-816.0,-464.0,-160.0,-816.0,-448.0,-176.0,-864.0,-448.0,-176.0,-864.0,-448.0,-176.0,-864.0,-416.0,-176.0,-880.0,-416.0,-176.0,-880.0,-416.0,-176.0,-880.0,-416.0,-176.0,-880.0,-464.0,-176.0,-832.0,-464.0,-176.0,-832.0,-464.0,-176.0,-832.0,-480.0,-176.0,-816.0,-480.0,-176.0,-816.0,-480.0,-176.0,-816.0,-480.0,-176.0,-832.0,
3,1,-96.0,-336.0,-880.0,16.0,-336.0,-800.0,16.0,-336.0,-800.0,16.0,-336.0,-800.0,112.0,-336.0,-752.0,112.0,-336.0,-752.0,112.0,-336.0,-752.0,112.0,-336.0,-752.0,208.0,-336.0,-864.0,208.0,-336.0,-864.0,208.0,-336.0,-864.0,192.0,-304.0,-976.0,192.0,-304.0,-976.0,192.0,-304.0,-976.0,304.0,-288.0,-992.0,304.0,-288.0,-992.0,304.0,-288.0,-992.0,304.0,-288.0,-992.0,352.0,-240.0,-944.0,352.0,-240.0,-944.0,352.0,-240.0,-944.0,448.0,-256.0,-1040.0,448.0,-256.0,-1040.0,448.0,-256.0,-1040.0,256.0,-176.0,-1264.0,256.0,-176.0,-1264.0,256.0,-176.0,-1264.0,256.0,-176.0,-1264.0,-48.0,-96.0,-1456.0,-48.0,-96.0,-1456.0,-48.0,-96.0,-1456.0,-128.0,-80.0,-1632.0,-128.0,-80.0,-1632.0,-128.0,-80.0,-1632.0,112.0,-64.0,-1616.0,112.0,-64.0,-1616.0,112.0,-64.0,-1616.0,112.0,-64.0,-1616.0,-96.0,0.0,-1488.0,-96.0,0.0,-1488.0,-96.0,0.0,-1488.0,-704.0,96.0,-1424.0,-704.0,96.0,-1424.0,-704.0,96.0,-1424.0,-1072.0,112.0,-1472.0,-1072.0,112.0,-1472.0,-1072.0,112.0,-1472.0,-1072.0,112.0,-1472.0,-1328.0,160.0,-1552.0,-1328.0,160.0,-1552.0,-1328.0,160.0,-1552.0,-1328.0,96.0,-1376.0,-1328.0,96.0,-1376.0,-1328.0,96.0,-1376.0,-1136.0,32.0,-1056.0,-1136.0,32.0,-1056.0,-1136.0,32.0,-1056.0,-1136.0,32.0,-1056.0,-1040.0,-48.0,-784.0,-1040.0,-48.0,-784.0,-1040.0,-48.0,-784.0,-1024.0,-96.0,-608.0,-1024.0,-96.0,-608.0,-1024.0,-96.0,-608.0,-1136.0,-144.0,-576.0,-1136.0,-144.0,-576.0,-1136.0,-144.0,-576.0,-1136.0,-144.0,-576.0,-1104.0,-224.0,-544.0,-1104.0,-224.0,-544.0,-1104.0,-224.0,-544.0,-928.0,-288.0,-592.0,-928.0,-288.0,-592.0,-928.0,-288.0,-592.0,-960.0,-384.0,-592.0,-960.0,-384.0,-592.0,-960.0,-384.0,-592.0,-960.0,-384.0,-592.0,-1120.0,-304.0,-816.0,-1120.0,-304.0,-816.0,-1120.0,-304.0,-816.0,-896.0,-368.0,-480.0,-896.0,-368.0,-480.0,-896.0,-368.0,-480.0,-704.0,-464.0,-208.0,-704.0,-464.0,-208.0,-704.0,-464.0,-208.0,-704.0,-464.0,-208.0,-752.0,-528.0,-400.0,-752.0,-528.0,-400.0,-752.0,-528.0,-400.0,-816.0,-480.0,-688.0,-816.0,-480.0,-688.0,-816.0,-480.0,-688.0,-448.0,-544.0,-512.0,-448.0,-544.0,-512.0,-448.0,-544.0,-512.0,-448.0,-544.0,-512.0,-224.0,-608.0,-192.0,-224.0,-608.0,-192.0,-224.0,-608.0,-192.0,-160.0,-640.0,64.0,-160.0,-640.0,64.0,-160.0,-640.0,64.0,-64.0,-704.0,240.0,-64.0,-704.0,240.0,-64.0,-704.0,240.0,-64.0,-704.0,240.0,144.0,-752.0,272.0,144.0,-752.0,272.0,144.0,-752.0,272.0,272.0,-800.0,272.0,272.0,-800.0,272.0,272.0,-800.0,272.0,144.0,-768.0,144.0,144.0,-768.0,144.0,144.0,-768.0,144.0,144.0,-768.0,144.0,96.0,-720.0,176.0,96.0,-720.0,176.0,96.0,-720.0,176.0,128.0,-704.0,256.0,128.0,-704.0,256.0,128.0,-704.0,256.0,80.0,-624.0,224.0,80.0,-624.0,224.0,80.0,-624.0,224.0,80.0,-624.0,224.0,144.0,-544.0,432.0,144.0,-544.0,432.0,144.0,-544.0,432.0,320.0,-416.0,688.0,320.0,-416.0,688.0,320.0,-416.0,688.0,448.0,-192.0,832.0,448.0,-192.0,832.0,448.0,-192.0,832.0,448.0,-192.0,832.0,320.0,112.0,464.0,320.0,112.0,464.0,320.0,112.0,464.0,-256.0,480.0,-176.0,-256.0,480.0,-176.0,-256.0,480.0,-176.0,-816.0,608.0,-832.0,-816.0,608.0,-832.0,-816.0,608.0,-832.0,-816.0,608.0,-832.0,-1024.0,640.0,-1632.0,-1024.0,640.0,-1632.0,-1024.0,640.0,-1632.0,-736.0,384.0,-2048.0,-736.0,384.0,-2048.0,-736.0,384.0,-2048.0,-624.0,160.0,-2000.0,-624.0,160.0,-2000.0,-624.0,160.0,-2000.0,-624.0,160.0,-2000.0,-448.0,-64.0,-2048.0,-448.0,-64.0,-2048.0,-448.0,-64.0,-2048.0,-256.0,-112.0,-2048.0,-256.0,-112.0,-2048.0,-256.0,-112.0,-2048.0,-384.0,-112.0,-2048.0,-384.0,-112.0,-2048.0,-384.0,-112.0,-2048.0,-384.0,-112.0,-2048.0,-672.0,-16.0,-1728.0,-672.0,-16.0,-1728.0,-672.0,-16.0,-1728.0,-656.0,16.0,-1184.0,-656.0,16.0,-1184.0,-656.0,16.0,-1184.0,-384.0,-64.0,-976.0,-384.0,-64.0,-976.0,-384.0,-64.0,-976.0,-384.0,-64.0,-976.0,-80.0,-160.0,-1104.0,-80.0,-160.0,-1104.0,-80.0,-160.0,-1104.0,-448.0,-64.0,-880.0,-448.0,-64.0,-880.0,-448.0,-64.0,-880.0,-544.0,-64.0,-768.0,-544.0,-64.0,-768.0,-544.0,-64.0,-768.0,-544.0,-64.0,-768.0,-384.0,-80.0,-848.0,-384.0,-80.0,-848.0,-384.0,-80.0,-848.0,-384.0,-112.0,-720.0,-384.0,-112.0,-720.0,-384.0,-112.0,-720.0,-320.0,-128.0,-848.0,-320.0,-128.0,-848.0,-320.0,-128.0,-848.0,-320.0,-128.0,-848.0,-320.0,-128.0,-992.0,-320.0,-128.0,-992.0,-320.0,-128.0,-992.0,-384.0,-96.0,-912.0,-384.0,-96.0,-912.0,-384.0,-96.0,-912.0,-480.0,-80.0,-816.0,-480.0,-80.0,-816.0,-480.0,-80.0,-816.0,
3,1,-176.0,-240.0,-880.0,-176.0,-240.0,-880.0,-176.0,-240.0,-880.0,-176.0,-224.0,-928.0,-144.0,-224.0,-928.0,-144.0,-224.0,-928.0,-144.0,-224.0,-928.0,-64.0,-240.0,-928.0,-64.0,-240.0,-928.0,-64.0,-240.0,-928.0,32.0,-240.0,-960.0,32.0,-240.0,-960.0,32.0,-240.0,-960.0,32.0,-224.0,-1056.0,64.0,-224.0,-1056.0,64.0,-224.0,-1056.0,64.0,-224.0,-1056.0,0.0,-176.0,-1072.0,0.0,-176.0,-1072.0,0.0,-176.0,-1072.0,16.0,-144.0,-992.0,16.0,-144.0,-992.0,16.0,-144.0,-992.0,16.0,-160.0,-944.0,352.0,-160.0,-944.0,352.0,-160.0,-944.0,352.0,-160.0,-944.0,688.0,-208.0,-960.0,688.0,-208.0,-960.0,688.0,-208.0,-960.0,720.0,-144.0,-976.0,720.0,-144.0,-976.0,720.0,-144.0,-976.0,416.0,-32.0,-992.0,416.0,-32.0,-992.0,416.0,-32.0,-992.0,416.0,-32.0,-992.0,16.0,80.0,-1200.0,16.0,80.0,-1200.0,16.0,80.0,-1200.0,144.0,80.0,-1600.0,144.0,80.0,-1600.0,144.0,80.0,-1600.0,144.0,128.0,-1744.0,144.0,128.0,-1744.0,144.0,128.0,-1744.0,144.0,128.0,-1744.0,-32.0,208.0,-2048.0,-32.0,208.0,-2048.0,-32.0,208.0,-2048.0,-880.0,432.0,-2048.0,-880.0,432.0,-2048.0,-880.0,432.0,-2048.0,-1600.0,624.0,-1392.0,-1600.0,624.0,-1392.0,-1600.0,624.0,-1392.0,-1600.0,624.0,-1392.0,-1632.0,512.0,-672.0,-1632.0,512.0,-672.0,-1632.0,512.0,-672.0,-1264.0,272.0,-368.0,-1264.0,272.0,-368.0,-1264.0,272.0,-368.0,-992.0,112.0,-352.0,-992.0,112.0,-352.0,-992.0,112.0,-352.0,-992.0,112.0,-352.0,-1312.0,48.0,-16.0,-1312.0,48.0,-16.0,-1312.0,48.0,-16.0,-1344.0,-64.0,-16.0,-1344.0,-64.0,-16.0,-1344.0,-64.0,-16.0,-1168.0,-144.0,-336.0,-1168.0,-144.0,-336.0,-1168.0,-144.0,-336.0,-1168.0,-144.0,-336.0,-832.0,-240.0,-336.0,-832.0,-240.0,-336.0,-832.0,-240.0,-336.0,-448.0,-352.0,-352.0,-448.0,-352.0,-352.0,-448.0,-352.0,-352.0,-528.0,-336.0,-448.0,-528.0,-336.0,-448.0,-528.0,-336.0,-448.0,-528.0,-336.0,-448.0,-928.0,-272.0,-688.0,-928.0,-272.0,-688.0,-928.0,-272.0,-688.0,-1152.0,-208.0,-1024.0,-1152.0,-208.0,-1024.0,-1152.0,-208.0,-1024.0,-1040.0,-240.0,-1120.0,-1040.0,-240.0,-1120.0,-1040.0,-240.0,-1120.0,-1040.0,-240.0,-1120.0,-624.0,-336.0,-1248.0,-624.0,-336.0,-1248.0,-624.0,-336.0,-1248.0,-672.0,-352.0,-1600.0,-672.0,-352.0,-1600.0,-672.0,-352.0,-1600.0,-1056.0,-304.0,-2016.0,-1056.0,-304.0,-2016.0,-1056.0,-304.0,-2016.0,-1056.0,-304.0,-2016.0,-1296.0,-128.0,-1920.0,-1296.0,-128.0,-1920.0,-1296.0,-128.0,-1920.0,-1072.0,-64.0,-1552.0,-1072.0,-64.0,-1552.0,-1072.0,-64.0,-1552.0,-496.0,-80.0,-1200.0,-496.0,-80.0,-1200.0,-496.0,-80.0,-1200.0,-496.0,-80.0,-1200.0,192.0,-208.0,-912.0,192.0,-208.0,-912.0,192.0,-208.0,-912.0,400.0,-336.0,-544.0,400.0,-336.0,-544.0,400.0,-336.0,-544.0,336.0,-432.0,-256.0,336.0,-432.0,-256.0,336.0,-432.0,-256.0,336.0,-432.0,-256.0,320.0,-496.0,48.0,320.0,-496.0,48.0,320.0,-496.0,48.0,256.0,-608.0,496.0,256.0,-608.0,496.0,256.0,-608.0,496.0,192.0,-656.0,656.0,192.0,-656.0,656.0,192.0,-656.0,656.0,192.0,-656.0,656.0,128.0,-672.0,592.0,128.0,-672.0,592.0,128.0,-672.0,592.0,-32.0,-640.0,416.0,-32.0,-640.0,416.0,-32.0,-640.0,416.0,-96.0,-592.0,352.0,-96.0,-592.0,352.0,-96.0,-592.0,352.0,-96.0,-592.0,352.0,96.0,-576.0,368.0,96.0,-576.0,368.0,96.0,-576.0,368.0,320.0,-544.0,368.0,320.0,-544.0,368.0,320.0,-544.0,368.0,480.0,-464.0,320.0,480.0,-464.0,320.0,480.0,-464.0,320.0,480.0,-464.0,320.0,512.0,-288.0,400.0,512.0,-288.0,400.0,512.0,-288.0,400.0,480.0,-64.0,544.0,480.0,-64.0,544.0,480.0,-64.0,544.0,288.0,304.0,544.0,288.0,304.0,544.0,288.0,304.0,544.0,288.0,304.0,544.0,-416.0,688.0,352.0,-416.0,688.0,352.0,-416.0,688.0,352.0,-1152.0,1120.0,-240.0,-1152.0,1120.0,-240.0,-1152.0,1120.0,-240.0,-1184.0,1104.0,-1040.0,-1184.0,1104.0,-1040.0,-1184.0,1104.0,-1040.0,-1184.0,1104.0,-1040.0,-752.0,752.0,-1968.0,-752.0,752.0,-1968.0,-752.0,752.0,-1968.0,-416.0,400.0,-2048.0,-416.0,400.0,-2048.0,-416.0,400.0,-2048.0,-336.0,192.0,-2048.0,-336.0,192.0,-2048.0,-336.0,192.0,-2048.0,-336.0,192.0,-2048.0,-480.0,112.0,-2048.0,-480.0,112.0,-2048.0,-480.0,112.0,-2048.0,-656.0,144.0,-2048.0,-656.0,144.0,-2048.0,-656.0,144.0,-2048.0,-672.0,192.0,-1648.0,-672.0,192.0,-1648.0,-672.0,192.0,-1648.0,-672.0,192.0,-1648.0,-384.0,128.0,-1440.0,-384.0,128.0,-1440.0,-384.0,128.0,-1440.0,-208.0,80.0,-1344.0,-208.0,80.0,-1344.0,-208.0,80.0,-1344.0,-272.0,80.0,-1024.0,-272.0,80.0,-1024.0,-272.0,80.0,-1024.0,-272.0,80.0,-1024.0,-416.0,80.0,-752.0,-416.0,80.0,-752.0,-416.0,80.0,-752.0,-480.0,-16.0,-848.0,-480.0,-16.0,-848.0,-480.0,-16.0,-848.0,-480.0,48.0,-672.0,-480.0,48.0,-672.0,-480.0,48.0,-672.0,-480.0,48.0,-672.0,-384.0,32.0,-864.0,-384.0,32.0,-864.0,-384.0,32.0,-864.0,-112.0,-64.0,-960.0,-112.0,-64.0,-960.0,-112.0,-64.0,-960.0,-416.0,-16.0,-1008.0,-416.0,-16.0,-1008.0,-416.0,-16.0,-1008.0,-416.0,-16.0,-1008.0,-576.0,32.0,-864.0,-576.0,32.0,-864.0,-576.0,32.0,-864.0,-384.0,-16.0,-832.0,-384.0,-16.0,-832.0,-384.0,-16.0,-832.0,
3,1,-64.0,-208.0,-864.0,-64.0,-208.0,-864.0,-64.0,-208.0,-864.0,-64.0,-208.0,-864.0,128.0,-256.0,-848.0,128.0,-256.0,-848.0,128.0,-256.0,-848.0,160.0,-256.0,-864.0,160.0,-256.0,-864.0,160.0,-256.0,-864.0,-16.0,-176.0,-848.0,-16.0,-176.0,-848.0,-16.0,-176.0,-848.0,-16.0,-176.0,-848.0,-176.0,-144.0,-832.0,-176.0,-144.0,-832.0,-176.0,-144.0,-832.0,-64.0,-128.0,-848.0,-64.0,-128.0,-848.0,-64.0,-128.0,-848.0,144.0,-144.0,-864.0,144.0,-144.0,-864.0,144.0,-144.0,-864.0,144.0,-144.0,-864.0,304.0,-144.0,-912.0,304.0,-144.0,-912.0,304.0,-144.0,-912.0,480.0,-160.0,-1040.0,480.0,-160.0,-1040.0,480.0,-160.0,-1040.0,480.0,-96.0,-1120.0,480.0,-96.0,-1120.0,480.0,-96.0,-1120.0,480.0,-96.0,-1120.0,320.0,0.0,-1168.0,320.0,0.0,-1168.0,320.0,0.0,-1168.0,176.0,96.0,-1344.0,176.0,96.0,-1344.0,176.0,96.0,-1344.0,256.0,80.0,-1648.0,256.0,80.0,-1648.0,256.0,80.0,-1648.0,256.0,80.0,-1648.0,-192.0,176.0,-1840.0,-192.0,176.0,-1840.0,-192.0,176.0,-1840.0,-416.0,224.0,-2016.0,-416.0,224.0,-2016.0,-416.0,224.0,-2016.0,-592.0,288.0,-2048.0,-592.0,288.0,-2048.0,-592.0,288.0,-2048.0,-592.0,288.0,-2048.0,-1072.0,368.0,-1920.0,-1072.0,368.0,-1920.0,-1072.0,368.0,-1920.0,-1584.0,432.0,-1904.0,-1584.0,432.0,-1904.0,-1584.0,432.0,-1904.0,-1552.0,400.0,-1840.0,-1552.0,400.0,-1840.0,-1552.0,400.0,-1840.0,-1552.0,400.0,-1232.0,-1856.0,512.0,-1232.0,-1856.0,512.0,-1232.0,-1856.0,512.0,-1232.0,-1712.0,336.0,-800.0,-1712.0,336.0,-800.0,-1712.0,336.0,-800.0,-1456.0,240.0,-800.0,-1456.0,240.0,-800.0,-1456.0,240.0,-800.0,-1456.0,240.0,-368.0,-1280.0,128.0,-368.0,-1280.0,128.0,-368.0,-1280.0,128.0,-368.0,-688.0,-80.0,-16.0,-688.0,-80.0,-16.0,-688.0,-80.0,-16.0,-112.0,-304.0,128.0,-112.0,-304.0,128.0,-112.0,-304.0,128.0,-112.0,-304.0,272.0,48.0,-496.0,272.0,48.0,-496.0,272.0,48.0,-496.0,272.0,-96.0,-592.0,352.0,-96.0,-592.0,352.0,-96.0,-592.0,352.0,-208.0,-656.0,224.0,-208.0,-656.0,224.0,-208.0,-656.0,224.0,-208.0,-656.0,-32.0,-128.0,-688.0,-32.0,-128.0,-688.0,-32.0,-128.0,-688.0,-32.0,0.0,-736.0,-192.0,0.0,-736.0,-192.0,0.0,-736.0,-192.0,-16.0,-752.0,-256.0,-16.0,-752.0,-256.0,-16.0,-752.0,-256.0,-16.0,-752.0,-304.0,-80.0,-736.0,-304.0,-80.0,-736.0,-304.0,-80.0,-736.0,-304.0,-128.0,-736.0,-144.0,-128.0,-736.0,-144.0,-128.0,-736.0,-144.0,-144.0,-736.0,0.0,-144.0,-736.0,0.0,-144.0,-736.0,0.0,-144.0,-704.0,128.0,-128.0,-704.0,128.0,-128.0,-704.0,128.0,-128.0,-704.0,128.0,-48.0,-704.0,272.0,-48.0,-704.0,272.0,-48.0,-704.0,272.0,48.0,-672.0,160.0,48.0,-672.0,160.0,48.0,-672.0,160.0,48.0,-528.0,288.0,-128.0,-528.0,288.0,-128.0,-528.0,288.0,-128.0,-528.0,288.0,-48.0,-368.0,768.0,-48.0,-368.0,768.0,-48.0,-368.0,768.0,192.0,-208.0,992.0,192.0,-208.0,992.0,192.0,-208.0,992.0,192.0,16.0,768.0,208.0,16.0,768.0,208.0,16.0,768.0,208.0,16.0,768.0,-432.0,432.0,-368.0,-432.0,432.0,-368.0,-432.0,432.0,-368.0,-992.0,656.0,-1168.0,-992.0,656.0,-1168.0,-992.0,656.0,-1168.0,-992.0,560.0,-832.0,-672.0,560.0,-832.0,-672.0,560.0,-832.0,-672.0,560.0,-832.0,-448.0,480.0,-1232.0,-448.0,480.0,-1232.0,-448.0,480.0,-1232.0,-624.0,256.0,-2048.0,-624.0,256.0,-2048.0,-624.0,256.0,-2048.0,-240.0,48.0,-2048.0,-240.0,48.0,-2048.0,-240.0,48.0,-2048.0,-240.0,48.0,-2048.0,-80.0,-144.0,-2048.0,-80.0,-144.0,-2048.0,-80.0,-144.0,-2048.0,-512.0,-32.0,-2016.0,-512.0,-32.0,-2016.0,-512.0,-32.0,-2016.0,-592.0,48.0,-1424.0,-592.0,48.0,-1424.0,-592.0,48.0,-1424.0,-592.0,48.0,-1424.0,-352.0,-48.0,-1248.0,-352.0,-48.0,-1248.0,-352.0,-48.0,-1248.0,-80.0,-32.0,-1216.0,-80.0,-32.0,-1216.0,-80.0,-32.0,-1216.0,-128.0,-112.0,-1008.0,-128.0,-112.0,-1008.0,-128.0,-112.0,-1008.0,-128.0,-112.0,-1008.0,-544.0,0.0,-704.0,-544.0,0.0,-704.0,-544.0,0.0,-704.0,-240.0,-80.0,-752.0,-240.0,-80.0,-752.0,-240.0,-80.0,-752.0,-224.0,-96.0,-880.0,-224.0,-96.0,-880.0,-224.0,-96.0,-880.0,-224.0,-96.0,-880.0,-304.0,-96.0,-896.0,-304.0,-96.0,-896.0,-304.0,-96.0,-896.0,-352.0,-64.0,-912.0,-352.0,-64.0,-912.0,-352.0,-64.0,-912.0,-336.0,-80.0,-912.0,-336.0,-80.0,-912.0,
3,1,-144.0,-240.0,-896.0,-144.0,-240.0,-896.0,-176.0,-208.0,-928.0,-176.0,-208.0,-928.0,-176.0,-208.0,-928.0,-176.0,-208.0,-928.0,-160.0,-192.0,-976.0,-160.0,-192.0,-976.0,-160.0,-192.0,-976.0,-144.0,-208.0,-992.0,-144.0,-208.0,-992.0,-144.0,-208.0,-992.0,-96.0,-176.0,-992.0,-96.0,-176.0,-992.0,-96.0,-176.0,-992.0,-96.0,-176.0,-992.0,-16.0,-176.0,-928.0,-16.0,-176.0,-928.0,-16.0,-176.0,-928.0,64.0,-176.0,-928.0,64.0,-176.0,-928.0,64.0,-176.0,-928.0,144.0,-160.0,-976.0,144.0,-160.0,-976.0,144.0,-160.0,-976.0,144.0,-160.0,-976.0,144.0,-144.0,-1040.0,144.0,-144.0,-1040.0,144.0,-144.0,-1040.0,224.0,-144.0,-1056.0,224.0,-144.0,-1056.0,224.0,-144.0,-1056.0,368.0,-112.0,-1024.0,368.0,-112.0,-1024.0,368.0,-112.0,-1024.0,368.0,-112.0,-1024.0,672.0,-160.0,-1072.0,672.0,-160.0,-1072.0,672.0,-160.0,-1072.0,912.0,-112.0,-1408.0,912.0,-112.0,-1408.0,912.0,-112.0,-1408.0,848.0,48.0,-1648.0,848.0,48.0,-1648.0,848.0,48.0,-1648.0,848.0,48.0,-1648.0,368.0,288.0,-1632.0,368.0,288.0,-1632.0,368.0,288.0,-1632.0,80.0,448.0,-1712.0,80.0,448.0,-1712.0,80.0,448.0,-1712.0,-672.0,624.0,-1792.0,-672.0,624.0,-1792.0,-672.0,624.0,-1792.0,-672.0,624.0,-1792.0,-1424.0,736.0,-1616.0,-1424.0,736.0,-1616.0,-1424.0,736.0,-1616.0,-1664.0,592.0,-1328.0,-1664.0,592.0,-1328.0,-1664.0,592.0,-1328.0,-1904.0,512.0,-1536.0,-1904.0,512.0,-1536.0,-1904.0,512.0,-1536.0,-1904.0,512.0,-1536.0,-1936.0,416.0,-1296.0,-1936.0,416.0,-1296.0,-1936.0,416.0,-1296.0,-2032.0,368.0,-176.0,-2032.0,368.0,-176.0,-2032.0,368.0,-176.0,-1952.0,112.0,352.0,-1952.0,112.0,352.0,-1952.0,112.0,352.0,-1952.0,112.0,352.0,-1232.0,-160.0,-16.0,-1232.0,-160.0,-16.0,-1232.0,-160.0,-16.0,-800.0,-336.0,-512.0,-800.0,-336.0,-512.0,-800.0,-336.0,-512.0,-448.0,-400.0,-464.0,-448.0,-400.0,-464.0,-448.0,-400.0,-464.0,-448.0,-400.0,-464.0,-416.0,-400.0,-176.0,-416.0,-400.0,-176.0,-416.0,-400.0,-176.0,-688.0,-320.0,-304.0,-688.0,-320.0,-304.0,-688.0,-320.0,-304.0,-736.0,-304.0,-608.0,-736.0,-304.0,-608.0,-736.0,-304.0,-608.0,-736.0,-304.0,-608.0,-496.0,-368.0,-704.0,-496.0,-368.0,-704.0,-496.0,-368.0,-704.0,-352.0,-384.0,-640.0,-352.0,-384.0,-640.0,-352.0,-384.0,-640.0,-560.0,-352.0,-800.0,-560.0,-352.0,-800.0,-560.0,-352.0,-800.0,-560.0,-352.0,-800.0,-848.0,-320.0,-1168.0,-848.0,-320.0,-1168.0,-848.0,-320.0,-1168.0,-832.0,-304.0,-1504.0,-832.0,-304.0,-1504.0,-832.0,-304.0,-1504.0,-480.0,-384.0,-1696.0,-480.0,-384.0,-1696.0,-480.0,-384.0,-1696.0,-480.0,-384.0,-1696.0,-384.0,-400.0,-1664.0,-384.0,-400.0,-1664.0,-384.0,-400.0,-1664.0,-656.0,-352.0,-1568.0,-656.0,-352.0,-1568.0,-656.0,-352.0,-1568.0,-1040.0,-176.0,-1872.0,-1040.0,-176.0,-1872.0,-1040.0,-176.0,-1872.0,-1040.0,-176.0,-1872.0,-656.0,-80.0,-1728.0,-656.0,-80.0,-1728.0,-656.0,-80.0,-1728.0,-96.0,-96.0,-1120.0,-96.0,-96.0,-1120.0,-96.0,-96.0,-1120.0,448.0,-304.0,-832.0,448.0,-304.0,-832.0,448.0,-304.0,-832.0,448.0,-304.0,-832.0,592.0,-400.0,-912.0,592.0,-400.0,-912.0,592.0,-400.0,-912.0,288.0,-352.0,-832.0,288.0,-352.0,-832.0,288.0,-352.0,-832.0,256.0,-336.0,-704.0,256.0,-336.0,-704.0,256.0,-336.0,-704.0,256.0,-336.0,-704.0,416.0,-384.0,-288.0,416.0,-384.0,-288.0,416.0,-384.0,-288.0,512.0,-448.0,80.0,512.0,-448.0,80.0,512.0,-448.0,80.0,544.0,-528.0,512.0,544.0,-528.0,512.0,544.0,-528.0,512.0,544.0,-528.0,512.0,640.0,-656.0,768.0,640.0,-656.0,768.0,640.0,-656.0,768.0,688.0,-752.0,960.0,688.0,-752.0,960.0,688.0,-752.0,960.0,512.0,-736.0,752.0,512.0,-736.0,752.0,512.0,-736.0,752.0,512.0,-736.0,752.0,352.0,-720.0,384.0,352.0,-720.0,384.0,352.0,-720.0,384.0,288.0,-720.0,176.0,288.0,-720.0,176.0,288.0,-720.0,176.0,320.0,-720.0,304.0,320.0,-720.0,304.0,320.0,-720.0,304.0,320.0,-720.0,304.0,416.0,-752.0,432.0,416.0,-752.0,432.0,416.0,-752.0,432.0,464.0,-672.0,496.0,464.0,-672.0,496.0,464.0,-672.0,496.0,592.0,-688.0,704.0,592.0,-688.0,704.0,592.0,-688.0,704.0,592.0,-688.0,720.0,560.0,-576.0,720.0,560.0,-576.0,720.0,560.0,-576.0,720.0,368.0,-320.0,800.0,368.0,-320.0,800.0,368.0,-320.0,800.0,304.0,-80.0,752.0,304.0,-80.0,752.0,304.0,-80.0,752.0,304.0,-80.0,112.0,336.0,80.0,112.0,336.0,80.0,112.0,336.0,80.0,112.0,-144.0,336.0,-400.0,-144.0,336.0,-400.0,-144.0,336.0,-400.0,-720.0,656.0,-96.0,-720.0,656.0,-96.0,-720.0,656.0,-96.0,-720.0,656.0,304.0,-704.0,848.0,304.0,-704.0,848.0,304.0,-704.0,848.0,304.0,-848.0,1024.0,-624.0,-848.0,1024.0,-624.0,-848.0,1024.0,-624.0,-1264.0,928.0,-2048.0,-1264.0,928.0,-2048.0,-1264.0,928.0,-2048.0,-1264.0,928.0,-2048.0,-1088.0,496.0,-2048.0,-1088.0,496.0,-2048.0,-1088.0,496.0,-2048.0,-400.0,-80.0,-2048.0,-400.0,-80.0,-2048.0,-400.0,-80.0,-2048.0,-560.0,-64.0,-2048.0,-560.0,-64.0,-2048.0,-560.0,-64.0,-2048.0,-560.0,128.0,-1840.0,-1056.0,128.0,-1840.0,-1056.0,128.0,-1840.0,-1056.0,128.0,-1840.0,-784.0,48.0,-1680.0,-784.0,48.0,-1680.0,-784.0,48.0,-1680.0,-224.0,-48.0,-2000.0,-224.0,-48.0,-2000.0,-224.0,-48.0,-2000.0,-224.0,-80.0,-1552.0,-176.0,-80.0,-1552.0,-176.0,-80.0,-1552.0,-176.0,-80.0,-1552.0,-368.0,-16.0,-1120.0,-368.0,-16.0,-1120.0,-368.0,-16.0,-1120.0,-464.0,0.0,-752.0,-464.0,0.0,-752.0,-464.0,0.0,-752.0,-464.0,-96.0,-704.0,-288.0,-96.0,-704.0,-288.0,-96.0,-704.0,-288.0,-96.0,-704.0,-224.0,-112.0,-848.0,-224.0,-112.0,-848.0,-224.0,-112.0,-848.0,-288.0,-96.0,-800.0,-288.0,-96.0,-800.0,-288.0,-96.0,-800.0,-288.0,-64.0,-752.0,-464.0,-64.0,-752.0,-464.0,-64.0,-752.0,-464.0,-64.0,-752.0,-464.0,-64.0,-784.0,-464.0,-64.0,-784.0,-464.0,-64.0,-784.0,-368.0,-96.0,-752.0,-368.0,-96.0,-752.0,-368.0,-96.0,-752.0,-368.0,-128.0,-880.0,-224.0,-128.0,-880.0,-224.0,-128.0,-880.0,-224.0,-128.0,-880.0,-208.0,-144.0,-912.0,-208.0,-144.0,-912.0,-208.0,-144.0,-912.0,-320.0,-96.0,-896.0,-320.0,-96.0,-896.0,
3,1,-160.0,-208.0,-784.0,-160.0,-208.0,-784.0,-160.0,-208.0,-784.0,-160.0,-208.0,-784.0,-80.0,-224.0,-880.0,-80.0,-224.0,-880.0,-80.0,-224.0,-880.0,-64.0,-192.0,-928.0,-64.0,-192.0,-928.0,-64.0,-192.0,-928.0,-32.0,-176.0,-928.0,-32.0,-176.0,-928.0,-32.0,-176.0,-928.0,-32.0,-176.0,-928.0,64.0,-176.0,-960.0,64.0,-176.0,-960.0,64.0,-176.0,-960.0,224.0,-176.0,-1040.0,224.0,-176.0,-1040.0,224.0,-176.0,-1040.0,432.0,-192.0,-1072.0,432.0,-192.0,-1072.0,432.0,-192.0,-1072.0,432.0,-192.0,-1072.0,544.0,-160.0,-1040.0,544.0,-160.0,-1040.0,544.0,-160.0,-1040.0,512.0,-64.0,-1008.0,512.0,-64.0,-1008.0,512.0,-64.0,-1008.0,272.0,64.0,-960.0,272.0,64.0,-960.0,272.0,64.0,-960.0,272.0,64.0,-960.0,48.0,144.0,-1024.0,48.0,144.0,-1024.0,48.0,144.0,-1024.0,64.0,112.0,-1264.0,64.0,112.0,-1264.0,64.0,112.0,-1264.0,160.0,112.0,-1680.0,160.0,112.0,-1680.0,160.0,112.0,-1680.0,160.0,112.0,-1680.0,-48.0,192.0,-1792.0,-48.0,192.0,-1792.0,-48.0,192.0,-1792.0,-480.0,336.0,-1872.0,-480.0,336.0,-1872.0,-480.0,336.0,-1872.0,-1168.0,480.0,-2048.0,-1168.0,480.0,-2048.0,-1168.0,480.0,-2048.0,-1168.0,480.0,-2048.0,-2032.0,544.0,-2048.0,-2032.0,544.0,-2048.0,-2032.0,544.0,-2048.0,-2032.0,464.0,-2048.0,-2032.0,464.0,-2048.0,-2032.0,464.0,-2048.0,-1584.0,384.0,-1888.0,-1584.0,384.0,-1888.0,-1584.0,384.0,-1888.0,-1584.0,384.0,-1888.0,-1264.0,320.0,-1152.0,-1264.0,320.0,-1152.0,-1264.0,320.0,-1152.0,-1312.0,256.0,-832.0,-1312.0,256.0,-832.0,-1312.0,256.0,-832.0,-1744.0,240.0,-576.0,-1744.0,240.0,-576.0,-1744.0,240.0,-576.0,-1744.0,240.0,-576.0,-1584.0,128.0,-352.0,-1584.0,128.0,-352.0,-1584.0,128.0,-352.0,-880.0,-48.0,-224.0,-880.0,-48.0,-224.0,-880.0,-48.0,-224.0,-208.0,-240.0,-32.0,-208.0,-240.0,-32.0,-208.0,-240.0,-32.0,-208.0,-240.0,-32.0,16.0,-400.0,352.0,16.0,-400.0,352.0,16.0,-400.0,352.0,192.0,-624.0,592.0,192.0,-624.0,592.0,192.0,-624.0,592.0,176.0,-768.0,592.0,176.0,-768.0,592.0,176.0,-768.0,592.0,176.0,-768.0,592.0,64.0,-768.0,320.0,64.0,-768.0,320.0,64.0,-768.0,320.0,-192.0,-752.0,48.0,-192.0,-752.0,48.0,-192.0,-752.0,48.0,-320.0,-720.0,48.0,-320.0,-720.0,48.0,-320.0,-720.0,48.0,-320.0,-720.0,48.0,-224.0,-752.0,128.0,-224.0,-752.0,128.0,-224.0,-752.0,128.0,-128.0,-752.0,128.0,-128.0,-752.0,128.0,-128.0,-752.0,128.0,16.0,-736.0,112.0,16.0,-736.0,112.0,16.0,-736.0,112.0,16.0,-736.0,112.0,272.0,-768.0,96.0,272.0,-768.0,96.0,272.0,-768.0,96.0,400.0,-720.0,80.0,400.0,-720.0,80.0,400.0,-720.0,80.0,448.0,-560.0,464.0,448.0,-560.0,464.0,448.0,-560.0,464.0,448.0,-560.0,464.0,544.0,-256.0,1040.0,544.0,-256.0,1040.0,544.0,-256.0,1040.0,768.0,32.0,1360.0,768.0,32.0,1360.0,768.0,32.0,1360.0,464.0,304.0,2032.0,464.0,304.0,2032.0,464.0,304.0,2032.0,464.0,304.0,2032.0,-720.0,1712.0,-752.0,-720.0,1712.0,-752.0,-720.0,1712.0,-752.0,-2032.0,1792.0,-1328.0,-2032.0,1792.0,-1328.0,-2032.0,1792.0,-1328.0,-1984.0,1472.0,-1904.0,-1984.0,1472.0,-1904.0,-1984.0,1472.0,-1904.0,-1984.0,1472.0,-1904.0,-896.0,-464.0,-2048.0,-896.0,-464.0,-2048.0,-896.0,-464.0,-2048.0,-544.0,-64.0,-2048.0,-544.0,-64.0,-2048.0,-544.0,-64.0,-2048.0,-64.0,-208.0,-2048.0,-64.0,-208.0,-2048.0,-64.0,-208.0,-2048.0,-64.0,-208.0,-2048.0,-448.0,32.0,-1712.0,-448.0,32.0,-1712.0,-448.0,32.0,-1712.0,-432.0,32.0,-848.0,-432.0,32.0,-848.0,-432.0,32.0,-848.0,-128.0,-96.0,-752.0,-128.0,-96.0,-752.0,-128.0,-96.0,-752.0,-128.0,-96.0,-752.0,-80.0,-144.0,-512.0,-80.0,-144.0,-512.0,-80.0,-144.0,-512.0,-384.0,-96.0,-352.0,-384.0,-96.0,-352.0,-384.0,-96.0,-352.0,-512.0,-80.0,-704.0,-512.0,-80.0,-704.0,-512.0,-80.0,-704.0,-512.0,-80.0,-704.0,-224.0,-160.0,-912.0,-224.0,-160.0,-912.0,-224.0,-160.0,-912.0,-272.0,-112.0,-992.0,-272.0,-112.0,-992.0,-272.0,-112.0,-992.0,-352.0,-80.0,-800.0,-352.0,-80.0,-800.0,-352.0,-80.0,-800.0,-352.0,-80.0,-800.0,-400.0,-80.0,-880.0,-400.0,-80.0,-880.0,-400.0,-80.0,-880.0,-400.0,-96.0,-1088.0,-400.0,-96.0,-1088.0,-400.0,-96.0,-1088.0,-448.0,-96.0,-1168.0,-448.0,-96.0,-1168.0,
3,1,256.0,-784.0,-144.0,528.0,-784.0,16.0,528.0,-784.0,16.0,528.0,-784.0,16.0,528.0,-784.0,16.0,800.0,-768.0,128.0,800.0,-768.0,128.0,800.0,-768.0,128.0,832.0,-704.0,32.0,832.0,-704.0,32.0,832.0,-704.0,32.0,384.0,-560.0,-544.0,384.0,-560.0,-544.0,384.0,-560.0,-544.0,384.0,-560.0,-544.0,320.0,-512.0,-1024.0,320.0,-512.0,-1024.0,320.0,-512.0,-1024.0,784.0,-608.0,-912.0,784.0,-608.0,-912.0,784.0,-608.0,-912.0,1264.0,-624.0,-736.0,1264.0,-624.0,-736.0,1264.0,-624.0,-736.0,1264.0,-624.0,-736.0,1152.0,-544.0,-896.0,1152.0,-544.0,-896.0,1152.0,-544.0,-896.0,880.0,-336.0,-1552.0,880.0,-336.0,-1552.0,880.0,-336.0,-1552.0,576.0,-224.0,-1824.0,576.0,-224.0,-1824.0,576.0,-224.0,-1824.0,576.0,-224.0,-1824.0,-288.0,-80.0,-1648.0,-288.0,-80.0,-1648.0,-288.0,-80.0,-1648.0,-1456.0,-48.0,-1872.0,-1456.0,-48.0,-1872.0,-1456.0,-48.0,-1872.0,-1776.0,-176.0,-2048.0,-1776.0,-176.0,-2048.0,-1776.0,-176.0,-2048.0,-1776.0,-176.0,-2048.0,-1616.0,-288.0,-2048.0,-1616.0,-288.0,-2048.0,-1616.0,-288.0,-2048.0,-1328.0,-192.0,-2048.0,-1328.0,-192.0,-2048.0,-1328.0,-192.0,-2048.0,-1264.0,-80.0,-1792.0,-1264.0,-80.0,-1792.0,-1264.0,-80.0,-1792.0,-1264.0,-80.0,-1792.0,-1344.0,0.0,-992.0,-1344.0,0.0,-992.0,-1344.0,0.0,-992.0,-1136.0,-32.0,-352.0,-1136.0,-32.0,-352.0,-1136.0,-32.0,-352.0,-1024.0,-112.0,192.0,-1024.0,-112.0,192.0,-1024.0,-112.0,192.0,-1024.0,-112.0,192.0,-720.0,-176.0,608.0,-720.0,-176.0,608.0,-720.0,-176.0,608.0,-368.0,-416.0,976.0,-368.0,-416.0,976.0,-368.0,-416.0,976.0,-112.0,-544.0,1024.0,-112.0,-544.0,1024.0,-112.0,-544.0,1024.0,-112.0,-544.0,1024.0,16.0,-576.0,1040.0,16.0,-576.0,1040.0,16.0,-576.0,1040.0,352.0,-688.0,1088.0,352.0,-688.0,1088.0,352.0,-688.0,1088.0,704.0,-816.0,1312.0,704.0,-816.0,1312.0,704.0,-816.0,1312.0,704.0,-816.0,1312.0,1072.0,-912.0,1392.0,1072.0,-912.0,1392.0,1072.0,-912.0,1392.0,1312.0,-768.0,1408.0,1312.0,-768.0,1408.0,1312.0,-768.0,1408.0,1344.0,-512.0,1488.0,1344.0,-512.0,1488.0,1344.0,-512.0,1488.0,1344.0,-512.0,1488.0,1200.0,-144.0,1648.0,1200.0,-144.0,1648.0,1200.0,-144.0,1648.0,848.0,448.0,1440.0,848.0,448.0,1440.0,848.0,448.0,1440.0,384.0,1120.0,528.0,384.0,1120.0,528.0,384.0,1120.0,528.0,384.0,1120.0,528.0,-384.0,1584.0,224.0,-384.0,1584.0,224.0,-384.0,1584.0,224.0,-1104.0,1936.0,-224.0,-1104.0,1936.0,-224.0,-1104.0,1936.0,-224.0,-1344.0,1952.0,-1712.0,-1344.0,1952.0,-1712.0,-1344.0,1952.0,-1712.0,-1344.0,1952.0,-1712.0,-1248.0,1040.0,-2048.0,-1248.0,1040.0,-2048.0,-1248.0,1040.0,-2048.0,-656.0,16.0,-2048.0,-656.0,16.0,-2048.0,-656.0,16.0,-2048.0,-192.0,-240.0,-2048.0,-192.0,-240.0,-2048.0,-192.0,-240.0,-2048.0,-192.0,-240.0,-2048.0,-512.0,176.0,-2032.0,-512.0,176.0,-2032.0,-512.0,176.0,-2032.0,-176.0,176.0,-1072.0,-176.0,176.0,-1072.0,-176.0,176.0,-1072.0,240.0,-64.0,-928.0,240.0,-64.0,-928.0,240.0,-64.0,-928.0,240.0,-64.0,-928.0,-128.0,-144.0,-1280.0,-128.0,-144.0,-1280.0,-128.0,-144.0,-1280.0,-272.0,-208.0,-1264.0,-272.0,-208.0,-1264.0,-272.0,-208.0,-1264.0,-224.0,-176.0,-1024.0,-224.0,-176.0,-1024.0,-224.0,-176.0,-1024.0,-224.0,-176.0,-1024.0,-224.0,-160.0,-656.0,-224.0,-160.0,-656.0,-224.0,-160.0,-656.0,-288.0,-144.0,-624.0,-288.0,-144.0,-624.0,-288.0,-144.0,-624.0,-304.0,-192.0,-896.0,-304.0,-192.0,-896.0,-304.0,-192.0,-896.0,-304.0,-192.0,-896.0,-272.0,-240.0,-1248.0,-272.0,-240.0,-1248.0,-272.0,-240.0,-1248.0,-320.0,-208.0,-1136.0,-320.0,-208.0,-1136.0,
3,1,192.0,-752.0,-480.0,192.0,-752.0,-480.0,192.0,-752.0,-480.0,240.0,-720.0,-304.0,240.0,-720.0,-304.0,240.0,-720.0,-304.0,240.0,-720.0,-304.0,208.0,-688.0,-112.0,208.0,-688.0,-112.0,208.0,-688.0,-112.0,336.0,-624.0,96.0,336.0,-624.0,96.0,336.0,-624.0,96.0,688.0,-672.0,144.0,688.0,-672.0,144.0,688.0,-672.0,144.0,688.0,-672.0,144.0,1120.0,-656.0,-160.0,1120.0,-656.0,-160.0,1120.0,-656.0,-160.0,1424.0,-592.0,-560.0,1424.0,-592.0,-560.0,1424.0,-592.0,-560.0,1600.0,-464.0,-976.0,1600.0,-464.0,-976.0,1600.0,-464.0,-976.0,1600.0,-464.0,-976.0,1712.0,-320.0,-1344.0,1712.0,-320.0,-1344.0,1712.0,-320.0,-1344.0,1520.0,-160.0,-1488.0,1520.0,-160.0,-1488.0,1520.0,-160.0,-1488.0,1056.0,0.0,-2048.0,1056.0,0.0,-2048.0,1056.0,0.0,-2048.0,1056.0,0.0,-2048.0,-288.0,432.0,-2048.0,-288.0,432.0,-2048.0,-288.0,432.0,-2048.0,-2032.0,528.0,-2048.0,-2032.0,528.0,-2048.0,-2032.0,528.0,-2048.0,-2032.0,352.0,-2048.0,-2032.0,352.0,-2048.0,-2032.0,352.0,-2048.0,-2032.0,352.0,-2048.0,-2032.0,80.0,-2048.0,-2032.0,80.0,-2048.0,-2032.0,80.0,-2048.0,-2032.0,-32.0,-2048.0,-2032.0,-32.0,-2048.0,-2032.0,-32.0,-2048.0,-1696.0,-16.0,-1856.0,-1696.0,-16.0,-1856.0,-1696.0,-16.0,-1856.0,-1696.0,-16.0,-1264.0,-976.0,0.0,-1264.0,-976.0,0.0,-1264.0,-976.0,0.0,-1264.0,-704.0,112.0,-272.0,-704.0,112.0,-272.0,-704.0,112.0,-272.0,-544.0,-32.0,896.0,-544.0,-32.0,896.0,-544.0,-32.0,896.0,-544.0,-32.0,1424.0,-400.0,-320.0,1424.0,-400.0,-320.0,1424.0,-400.0,-320.0,1424.0,48.0,-560.0,1264.0,48.0,-560.0,1264.0,48.0,-560.0,1264.0,480.0,-752.0,800.0,480.0,-752.0,800.0,480.0,-752.0,800.0,480.0,-832.0,656.0,608.0,-832.0,656.0,608.0,-832.0,656.0,608.0,-832.0,656.0,544.0,-832.0,720.0,544.0,-832.0,720.0,544.0,-832.0,720.0,432.0,-768.0,896.0,432.0,-768.0,896.0,432.0,-768.0,896.0,432.0,-704.0,1280.0,528.0,-704.0,1280.0,528.0,-704.0,1280.0,528.0,-704.0,1280.0,912.0,-720.0,1472.0,912.0,-720.0,1472.0,912.0,-720.0,1472.0,1088.0,-528.0,1360.0,1088.0,-528.0,1360.0,1088.0,-528.0,1360.0,1088.0,-256.0,1024.0,1120.0,-256.0,1024.0,1120.0,-256.0,1024.0,1120.0,-256.0,1024.0,848.0,208.0,960.0,848.0,208.0,960.0,848.0,208.0,960.0,400.0,768.0,1360.0,400.0,768.0,1360.0,400.0,768.0,1360.0,400.0,1440.0,1072.0,0.0,1440.0,1072.0,0.0,1440.0,1072.0,0.0,1440.0,1072.0,-912.0,1632.0,-800.0,-912.0,1632.0,-800.0,-912.0,1632.0,-800.0,-1616.0,1248.0,-2048.0,-1616.0,1248.0,-2048.0,-1616.0,1248.0,-2048.0,-496.0,160.0,-2048.0,-496.0,160.0,-2048.0,-496.0,160.0,-2048.0,-496.0,160.0,-2048.0,-464.0,-208.0,-2048.0,-464.0,-208.0,-2048.0,-464.0,-208.0,-2048.0,-1312.0,64.0,-1744.0,-1312.0,64.0,-1744.0,-1312.0,64.0,-1744.0,-960.0,48.0,-1136.0,-960.0,48.0,-1136.0,-960.0,48.0,-1136.0,-960.0,48.0,-1136.0,-176.0,-208.0,-1232.0,-176.0,-208.0,-1232.0,-176.0,-208.0,-1232.0,32.0,-352.0,-1520.0,32.0,-352.0,-1520.0,32.0,-352.0,-1520.0,-64.0,-368.0,-1392.0,-64.0,-368.0,-1392.0,-64.0,-368.0,-1392.0,-64.0,-368.0,-1392.0,-112.0,-336.0,-1200.0,-112.0,-336.0,-1200.0,-112.0,-336.0,-1200.0,-80.0,-272.0,-928.0,-80.0,-272.0,-928.0,-80.0,-272.0,-928.0,-112.0,-256.0,-704.0,-112.0,-256.0,-704.0,-112.0,-256.0,-704.0,-112.0,-256.0,-704.0,-208.0,-272.0,-656.0,-208.0,-272.0,-656.0,-208.0,-272.0,-656.0,-288.0,-304.0,-784.0,-288.0,-304.0,-784.0,-288.0,-304.0,-784.0,-336.0,-272.0,-880.0,-336.0,-272.0,-880.0,-336.0,-272.0,-880.0,-336.0,-272.0,-880.0,-352.0,-288.0,-880.0,-352.0,-288.0,-880.0,-352.0,-288.0,-880.0,-336.0,-272.0,-848.0,-336.0,-272.0,-848.0,-336.0,-272.0,-848.0,-256.0,-288.0,-784.0,-256.0,-288.0,-784.0,
3,1,864.0,-624.0,-384.0,864.0,-624.0,-384.0,864.0,-624.0,-384.0,992.0,-560.0,-496.0,992.0,-560.0,-496.0,992.0,-560.0,-496.0,992.0,-368.0,-992.0,1008.0,-368.0,-992.0,1008.0,-368.0,-992.0,1008.0,-368.0,-992.0,944.0,-160.0,-1472.0,944.0,-160.0,-1472.0,944.0,-160.0,-1472.0,544.0,96.0,-1744.0,544.0,96.0,-1744.0,544.0,96.0,-1744.0,-656.0,384.0,-2048.0,-656.0,384.0,-2048.0,-656.0,384.0,-2048.0,-656.0,384.0,-2048.0,-1888.0,464.0,-2048.0,-1888.0,464.0,-2048.0,-1888.0,464.0,-2048.0,-2032.0,496.0,-2048.0,-2032.0,496.0,-2048.0,-2032.0,496.0,-2048.0,-2032.0,592.0,-2048.0,-2032.0,592.0,-2048.0,-2032.0,592.0,-2048.0,-2032.0,592.0,-2048.0,-2032.0,768.0,-1808.0,-2032.0,768.0,-1808.0,-2032.0,768.0,-1808.0,-2032.0,816.0,-992.0,-2032.0,816.0,-992.0,-2032.0,816.0,-992.0,-2032.0,688.0,-560.0,-2032.0,688.0,-560.0,-2032.0,688.0,-560.0,-2032.0,688.0,-560.0,-2032.0,480.0,-192.0,-2032.0,480.0,-192.0,-2032.0,480.0,-192.0,-1280.0,224.0,320.0,-1280.0,224.0,320.0,-1280.0,224.0,320.0,-576.0,-64.0,592.0,-576.0,-64.0,592.0,-576.0,-64.0,592.0,-576.0,-64.0,592.0,-128.0,-240.0,896.0,-128.0,-240.0,896.0,-128.0,-240.0,896.0,176.0,-448.0,1152.0,176.0,-448.0,1152.0,176.0,-448.0,1152.0,448.0,-608.0,1216.0,448.0,-608.0,1216.0,448.0,-608.0,1216.0,448.0,-608.0,1216.0,720.0,-784.0,1136.0,720.0,-784.0,1136.0,720.0,-784.0,1136.0,784.0,-848.0,944.0,784.0,-848.0,944.0,784.0,-848.0,944.0,640.0,-816.0,704.0,640.0,-816.0,704.0,640.0,-816.0,704.0,640.0,-816.0,704.0,608.0,-720.0,656.0,608.0,-720.0,656.0,608.0,-720.0,656.0,560.0,-592.0,832.0,560.0,-592.0,832.0,560.0,-592.0,832.0,1120.0,-432.0,880.0,1120.0,-432.0,880.0,1120.0,-432.0,880.0,1120.0,-432.0,880.0,1792.0,-592.0,576.0,1792.0,-592.0,576.0,1792.0,-592.0,576.0,2048.0,-16.0,528.0,2048.0,-16.0,528.0,2048.0,-16.0,528.0,1968.0,704.0,112.0,1968.0,704.0,112.0,1968.0,704.0,112.0,1968.0,704.0,112.0,96.0,1584.0,-1344.0,96.0,1584.0,-1344.0,96.0,1584.0,-1344.0,-2032.0,1840.0,-2048.0,-2032.0,1840.0,-2048.0,-2032.0,1840.0,-2048.0,-2032.0,1728.0,-2048.0,-2032.0,1728.0,-2048.0,-2032.0,1728.0,-2048.0,-2032.0,1728.0,-2048.0,-2032.0,576.0,-2048.0,-2032.0,576.0,-2048.0,-2032.0,576.0,-2048.0,-2032.0,464.0,-2000.0,-2032.0,464.0,-2000.0,-2032.0,464.0,-2000.0,-1776.0,240.0,-1488.0,-1776.0,240.0,-1488.0,-1776.0,240.0,-1488.0,-1776.0,240.0,-1488.0,-880.0,0.0,-928.0,-880.0,0.0,-928.0,-880.0,0.0,-928.0,-240.0,-224.0,-304.0,-240.0,-224.0,-304.0,-240.0,-224.0,-304.0,192.0,-432.0,-176.0,192.0,-432.0,-176.0,192.0,-432.0,-176.0,192.0,-432.0,-176.0,240.0,-544.0,-176.0,240.0,-544.0,-176.0,240.0,-544.0,-176.0,48.0,-544.0,-272.0,48.0,-544.0,-272.0,48.0,-544.0,-272.0,-224.0,-480.0,-336.0,-224.0,-480.0,-336.0,-224.0,-480.0,-336.0,-224.0,-480.0,-336.0,-544.0,-416.0,-464.0,-544.0,-416.0,-464.0,-544.0,-416.0,-464.0,-864.0,-336.0,-368.0,-864.0,-336.0,-368.0,-864.0,-336.0,-368.0,-992.0,-304.0,-336.0,-992.0,-304.0,-336.0,-992.0,-304.0,-336.0,-992.0,-304.0,-336.0,-864.0,-368.0,-464.0,-864.0,-368.0,-464.0,-864.0,-368.0,-464.0,-656.0,-416.0,-592.0,-656.0,-416.0,-592.0,-656.0,-416.0,-592.0,-576.0,-448.0,-624.0,-576.0,-448.0,-624.0,-576.0,-448.0,-624.0,-576.0,-448.0,-624.0,
3,1,496.0,-736.0,-304.0,576.0,-624.0,-288.0,576.0,-624.0,-288.0,576.0,-624.0,-288.0,656.0,-560.0,-512.0,656.0,-560.0,-512.0,656.0,-560.0,-512.0,656.0,-560.0,-512.0,544.0,-448.0,-1136.0,544.0,-448.0,-1136.0,544.0,-448.0,-1136.0,80.0,-240.0,-1584.0,80.0,-240.0,-1584.0,80.0,-240.0,-1584.0,-592.0,-32.0,-1616.0,-592.0,-32.0,-1616.0,-592.0,-32.0,-1616.0,-592.0,-32.0,-1616.0,-1168.0,64.0,-1808.0,-1168.0,64.0,-1808.0,-1168.0,64.0,-1808.0,-1664.0,144.0,-2048.0,-1664.0,144.0,-2048.0,-1664.0,144.0,-2048.0,-1952.0,256.0,-2048.0,-1952.0,256.0,-2048.0,-1952.0,256.0,-2048.0,-1952.0,256.0,-2048.0,-2032.0,432.0,-1520.0,-2032.0,432.0,-1520.0,-2032.0,432.0,-1520.0,-2032.0,576.0,-800.0,-2032.0,576.0,-800.0,-2032.0,576.0,-800.0,-2032.0,656.0,96.0,-2032.0,656.0,96.0,-2032.0,656.0,96.0,-2032.0,656.0,96.0,-2032.0,480.0,768.0,-2032.0,480.0,768.0,-2032.0,480.0,768.0,-1760.0,128.0,656.0,-1760.0,128.0,656.0,-1760.0,128.0,656.0,-1088.0,-128.0,400.0,-1088.0,-128.0,400.0,-1088.0,-128.0,400.0,-1088.0,-128.0,400.0,-720.0,-272.0,528.0,-720.0,-272.0,528.0,-720.0,-272.0,528.0,-336.0,-416.0,848.0,-336.0,-416.0,848.0,-336.0,-416.0,848.0,128.0,-640.0,960.0,128.0,-640.0,960.0,128.0,-640.0,960.0,128.0,-640.0,960.0,448.0,-784.0,688.0,448.0,-784.0,688.0,448.0,-784.0,688.0,496.0,-848.0,464.0,496.0,-848.0,464.0,496.0,-848.0,464.0,480.0,-848.0,336.0,480.0,-848.0,336.0,480.0,-848.0,336.0,480.0,-848.0,336.0,576.0,-832.0,432.0,576.0,-832.0,432.0,576.0,-832.0,432.0,912.0,-784.0,576.0,912.0,-784.0,576.0,912.0,-784.0,576.0,1568.0,-832.0,496.0,1568.0,-832.0,496.0,1568.0,-832.0,496.0,1568.0,-832.0,496.0,1840.0,-592.0,256.0,1840.0,-592.0,256.0,1840.0,-592.0,256.0,1456.0,-48.0,128.0,1456.0,-48.0,128.0,1456.0,-48.0,128.0,352.0,656.0,288.0,352.0,656.0,288.0,352.0,656.0,288.0,352.0,656.0,288.0,-2032.0,1344.0,368.0,-2032.0,1344.0,368.0,-2032.0,1344.0,368.0,-2032.0,1488.0,-608.0,-2032.0,1488.0,-608.0,-2032.0,1488.0,-608.0,-2032.0,896.0,-1616.0,-2032.0,896.0,-1616.0,-2032.0,896.0,-1616.0,-2032.0,896.0,-1616.0,-2032.0,432.0,-1568.0,-2032.0,432.0,-1568.0,-2032.0,432.0,-1568.0,-2032.0,144.0,-864.0,-2032.0,144.0,-864.0,-2032.0,144.0,-864.0,-1280.0,-48.0,-272.0,-1280.0,-48.0,-272.0,-1280.0,-48.0,-272.0,-1280.0,-48.0,-272.0,-1520.0,-64.0,-128.0,-1520.0,-64.0,-128.0,-1520.0,-64.0,-128.0,-1552.0,-80.0,-224.0,-1552.0,-80.0,-224.0,-1552.0,-80.0,-224.0,-1088.0,-192.0,-352.0,-1088.0,-192.0,-352.0,-1088.0,-192.0,-352.0,-1088.0,-192.0,-352.0,-528.0,-352.0,-336.0,-528.0,-352.0,-336.0,-528.0,-352.0,-336.0,-192.0,-464.0,-112.0,-192.0,-464.0,-112.0,-192.0,-464.0,-112.0,-272.0,-496.0,80.0,-272.0,-496.0,80.0,-272.0,-496.0,80.0,-272.0,-496.0,80.0,-576.0,-416.0,240.0,-576.0,-416.0,240.0,-576.0,-416.0,240.0,-688.0,-384.0,256.0,-688.0,-384.0,256.0,-688.0,-384.0,256.0,-784.0,-384.0,64.0,-784.0,-384.0,64.0,-784.0,-384.0,64.0,
3,1,608.0,-768.0,-288.0,608.0,-768.0,-288.0,608.0,-768.0,-288.0,832.0,-736.0,-592.0,832.0,-736.0,-592.0,832.0,-736.0,-592.0,880.0,-608.0,-688.0,880.0,-608.0,-688.0,880.0,-608.0,-688.0,880.0,-608.0,-688.0,640.0,-368.0,-688.0,640.0,-368.0,-688.0,640.0,-368.0,-688.0,384.0,-160.0,-752.0,384.0,-160.0,-752.0,384.0,-160.0,-752.0,-16.0,-96.0,-1664.0,-16.0,-96.0,-1664.0,-16.0,-96.0,-1664.0,-16.0,-96.0,-1664.0,-704.0,240.0,-2048.0,-704.0,240.0,-2048.0,-704.0,240.0,-2048.0,-1648.0,464.0,-2048.0,-1648.0,464.0,-2048.0,-1648.0,464.0,-2048.0,-2032.0,752.0,-2048.0,-2032.0,752.0,-2048.0,-2032.0,752.0,-2048.0,-2032.0,752.0,-2048.0,-2032.0,928.0,-1728.0,-2032.0,928.0,-1728.0,-2032.0,928.0,-1728.0,-2032.0,928.0,-960.0,-2032.0,928.0,-960.0,-2032.0,928.0,-960.0,-2032.0,848.0,-352.0,-2032.0,848.0,-352.0,-2032.0,848.0,-352.0,-2032.0,848.0,-352.0,-2032.0,880.0,320.0,-2032.0,880.0,320.0,-2032.0,880.0,320.0,-2032.0,768.0,1200.0,-2032.0,768.0,1200.0,-2032.0,768.0,1200.0,-1616.0,320.0,1376.0,-1616.0,320.0,1376.0,-1616.0,320.0,1376.0,-1616.0,320.0,1376.0,-896.0,-80.0,896.0,-896.0,-80.0,896.0,-896.0,-80.0,896.0,-928.0,-160.0,784.0,-928.0,-160.0,784.0,-928.0,-160.0,784.0,-784.0,-272.0,944.0,-784.0,-272.0,944.0,-784.0,-272.0,944.0,-784.0,-272.0,944.0,-384.0,-432.0,992.0,-384.0,-432.0,992.0,-384.0,-432.0,992.0,64.0,-560.0,816.0,64.0,-560.0,816.0,64.0,-560.0,816.0,416.0,-736.0,480.0,416.0,-736.0,480.0,416.0,-736.0,480.0,416.0,-736.0,480.0,608.0,-832.0,272.0,608.0,-832.0,272.0,608.0,-832.0,272.0,688.0,-880.0,128.0,688.0,-880.0,128.0,688.0,-880.0,128.0,768.0,-880.0,64.0,768.0,-880.0,64.0,768.0,-880.0,64.0,768.0,-880.0,64.0,912.0,-832.0,384.0,912.0,-832.0,384.0,912.0,-832.0,384.0,1424.0,-816.0,560.0,1424.0,-816.0,560.0,1424.0,-816.0,560.0,1968.0,-672.0,128.0,1968.0,-672.0,128.0,1968.0,-672.0,128.0,1968.0,-672.0,128.0,2048.0,-336.0,-560.0,2048.0,-336.0,-560.0,2048.0,-336.0,-560.0,1552.0,512.0,-288.0,1552.0,512.0,-288.0,1552.0,512.0,-288.0,-1520.0,1760.0,1024.0,-1520.0,1760.0,1024.0,-1520.0,1760.0,1024.0,-1520.0,1760.0,1024.0,-2032.0,2032.0,2000.0,-2032.0,2032.0,2000.0,-2032.0,2032.0,2000.0,-2032.0,1664.0,16.0,-2032.0,1664.0,16.0,-2032.0,1664.0,16.0,-2032.0,928.0,-688.0,-2032.0,928.0,-688.0,-2032.0,928.0,-688.0,-2032.0,928.0,-688.0,-2032.0,480.0,-304.0,-2032.0,480.0,-304.0,-2032.0,480.0,-304.0,-1456.0,16.0,-128.0,-1456.0,16.0,-128.0,-1456.0,16.0,-128.0,-1024.0,-128.0,-288.0,-1024.0,-128.0,-288.0,-1024.0,-128.0,-288.0,-1024.0,-128.0,-288.0,-560.0,-352.0,-352.0,-560.0,-352.0,-352.0,-560.0,-352.0,-352.0,-368.0,-464.0,-336.0,-368.0,-464.0,-336.0,-368.0,-464.0,-336.0,-784.0,-352.0,-192.0,-784.0,-352.0,-192.0,-784.0,-352.0,-192.0,-784.0,-352.0,-192.0,-1328.0,-192.0,96.0,-1328.0,-192.0,96.0,-1328.0,-192.0,96.0,-1360.0,-160.0,272.0,-1360.0,-160.0,272.0,-1360.0,-160.0,272.0,-960.0,-240.0,240.0,-960.0,-240.0,240.0,-960.0,-240.0,240.0,-960.0,-240.0,240.0,-528.0,-384.0,112.0,-528.0,-384.0,112.0,-528.0,-384.0,112.0,-336.0,-496.0,32.0,-336.0,-496.0,32.0,-336.0,-496.0,32.0,-336.0,-528.0,-16.0,
3,2,400.0,-480.0,-1056.0,368.0,-496.0,-816.0,368.0,-496.0,-816.0,368.0,-496.0,-816.0,368.0,-496.0,-816.0,352.0,-528.0,-736.0,352.0,-528.0,-736.0,352.0,-528.0,-736.0,416.0,-544.0,-736.0,416.0,-544.0,-736.0,416.0,-544.0,-736.0,560.0,-592.0,-640.0,560.0,-592.0,-640.0,560.0,-592.0,-640.0,560.0,-592.0,-640.0,640.0,-608.0,-448.0,640.0,-608.0,-448.0,640.0,-608.0,-448.0,576.0,-624.0,-352.0,576.0,-624.0,-352.0,576.0,-624.0,-352.0,480.0,-576.0,-464.0,480.0,-576.0,-464.0,480.0,-576.0,-464.0,480.0,-576.0,-464.0,304.0,-560.0,-544.0,304.0,-560.0,-544.0,304.0,-560.0,-544.0,240.0,-512.0,-496.0,240.0,-512.0,-496.0,240.0,-512.0,-496.0,176.0,-480.0,-176.0,176.0,-480.0,-176.0,176.0,-480.0,-176.0,176.0,-480.0,-176.0,96.0,-480.0,144.0,96.0,-480.0,144.0,96.0,-480.0,144.0,-288.0,-384.0,224.0,-288.0,-384.0,224.0,-288.0,-384.0,224.0,-688.0,-304.0,-80.0,-688.0,-304.0,-80.0,-688.0,-304.0,-80.0,-688.0,-304.0,-80.0,-896.0,-352.0,-624.0,-896.0,-352.0,-624.0,-896.0,-352.0,-624.0,-640.0,-464.0,-864.0,-640.0,-464.0,-864.0,-640.0,-464.0,-864.0,-304.0,-528.0,-640.0,-304.0,-528.0,-640.0,-304.0,-528.0,-640.0,-304.0,-528.0,-640.0,-320.0,-448.0,-176.0,-320.0,-448.0,-176.0,-320.0,-448.0,-176.0,-528.0,-352.0,0.0,-528.0,-352.0,0.0,-528.0,-352.0,0.0,-896.0,-272.0,-736.0,-896.0,-272.0,-736.0,-896.0,-272.0,-736.0,-896.0,-272.0,-736.0,-912.0,-320.0,-1424.0,-912.0,-320.0,-1424.0,-912.0,-320.0,-1424.0,-752.0,-352.0,-1456.0,-752.0,-352.0,-1456.0,-752.0,-352.0,-1456.0,-720.0,-304.0,-976.0,-720.0,-304.0,-976.0,-720.0,-304.0,-976.0,-720.0,-304.0,-976.0,-432.0,-272.0,-720.0,-432.0,-272.0,-720.0,-432.0,-272.0,-720.0,-272.0,-336.0,-960.0,-272.0,-336.0,-960.0,-272.0,-336.0,-960.0,-400.0,-336.0,-1600.0,-400.0,-336.0,-1600.0,-400.0,-336.0,-1600.0,-400.0,-336.0,-1600.0,-448.0,-288.0,-1808.0,-448.0,-288.0,-1808.0,-448.0,-288.0,-1808.0,-624.0,-192.0,-1440.0,-624.0,-192.0,-1440.0,-624.0,-192.0,-1440.0,-544.0,-112.0,-1168.0,-544.0,-112.0,-1168.0,-544.0,-112.0,-1168.0,-544.0,-112.0,-1168.0,-112.0,-208.0,-1120.0,-112.0,-208.0,-1120.0,-112.0,-208.0,-1120.0,48.0,-288.0,-1200.0,48.0,-288.0,-1200.0,48.0,-288.0,-1200.0,96.0,-304.0,-1456.0,96.0,-304.0,-1456.0,96.0,-304.0,-1456.0,96.0,-304.0,-1456.0,96.0,-320.0,-1488.0,96.0,-320.0,-1488.0,96.0,-320.0,-1488.0,-80.0,-272.0,-1360.0,-80.0,-272.0,-1360.0,-80.0,-272.0,-1360.0,-208.0,-240.0,-1248.0,-208.0,-240.0,-1248.0,-208.0,-240.0,-1248.0,-208.0,-240.0,-1248.0,-16.0,-304.0,-1392.0,-16.0,-304.0,-1392.0,-16.0,-304.0,-1392.0,464.0,-416.0,-1520.0,464.0,-416.0,-1520.0,464.0,-416.0,-1520.0,608.0,-416.0,-1424.0,608.0,-416.0,-1424.0,608.0,-416.0,-1424.0,608.0,-416.0,-1424.0,432.0,-384.0,-1072.0,432.0,-384.0,-1072.0,432.0,-384.0,-1072.0,128.0,-352.0,-912.0,128.0,-352.0,-912.0,128.0,-352.0,-912.0,16.0,-336.0,-960.0,16.0,-336.0,-960.0,16.0,-336.0,-960.0,16.0,-336.0,-960.0,112.0,-416.0,-976.0,112.0,-416.0,-976.0,112.0,-416.0,-976.0,224.0,-464.0,-1024.0,224.0,-464.0,-1024.0,224.0,-464.0,-1024.0,384.0,-448.0,-944.0,384.0,-448.0,-944.0,384.0,-448.0,-944.0,384.0,-448.0,-944.0,656.0,-512.0,-576.0,656.0,-512.0,-576.0,656.0,-512.0,-576.0,768.0,-592.0,-160.0,768.0,-592.0,-160.0,768.0,-592.0,-160.0,528.0,-592.0,80.0,
3,2,-304.0,-336.0,-528.0,-304.0,-336.0,-528.0,-528.0,-256.0,-416.0,-528.0,-256.0,-416.0,-528.0,-256.0,-416.0,-528.0,-256.0,-416.0,-864.0,-112.0,-304.0,-864.0,-112.0,-304.0,-864.0,-112.0,-304.0,-784.0,-96.0,-560.0,-784.0,-96.0,-560.0,-784.0,-96.0,-560.0,-256.0,-208.0,-1216.0,-256.0,-208.0,-1216.0,-256.0,-208.0,-1216.0,-256.0,-208.0,-1216.0,-144.0,-288.0,-1440.0,-144.0,-288.0,-1440.0,-144.0,-288.0,-1440.0,-480.0,-192.0,-1488.0,-480.0,-192.0,-1488.0,-480.0,-192.0,-1488.0,-816.0,-64.0,-1456.0,-816.0,-64.0,-1456.0,-816.0,-64.0,-1456.0,-816.0,-64.0,-1456.0,-512.0,-96.0,-1568.0,-512.0,-96.0,-1568.0,-512.0,-96.0,-1568.0,-320.0,-112.0,-1504.0,-320.0,-112.0,-1504.0,-320.0,-112.0,-1504.0,-208.0,-80.0,-1392.0,-208.0,-80.0,-1392.0,-208.0,-80.0,-1392.0,-208.0,-80.0,-1392.0,-32.0,-128.0,-1264.0,-32.0,-128.0,-1264.0,-32.0,-128.0,-1264.0,112.0,-160.0,-1376.0,112.0,-160.0,-1376.0,112.0,-160.0,-1376.0,288.0,-256.0,-1552.0,288.0,-256.0,-1552.0,288.0,-256.0,-1552.0,288.0,-256.0,-1552.0,576.0,-336.0,-1744.0,576.0,-336.0,-1744.0,576.0,-336.0,-1744.0,704.0,-368.0,-1712.0,704.0,-368.0,-1712.0,704.0,-368.0,-1712.0,608.0,-336.0,-1408.0,608.0,-336.0,-1408.0,608.0,-336.0,-1408.0,608.0,-336.0,-1168.0,400.0,-304.0,-1168.0,400.0,-304.0,-1168.0,400.0,-304.0,-1168.0,256.0,-272.0,-1056.0,256.0,-272.0,-1056.0,256.0,-272.0,-1056.0,272.0,-304.0,-976.0,272.0,-304.0,-976.0,272.0,-304.0,-976.0,272.0,-304.0,-848.0,336.0,-304.0,-848.0,336.0,-304.0,-848.0,336.0,-304.0,-848.0,448.0,-352.0,-576.0,448.0,-352.0,-576.0,448.0,-352.0,-576.0,480.0,-416.0,-288.0,480.0,-416.0,-288.0,480.0,-416.0,-288.0,480.0,-416.0,-128.0,480.0,-448.0,-128.0,480.0,-448.0,-128.0,480.0,-448.0,-128.0,544.0,-496.0,-64.0,544.0,-496.0,-64.0,544.0,-496.0,-64.0,336.0,-448.0,-144.0,336.0,-448.0,-144.0,336.0,-448.0,-144.0,336.0,-320.0,-272.0,-112.0,-320.0,-272.0,-112.0,-320.0,-272.0,-112.0,-320.0,-272.0,-464.0,-288.0,-256.0,-464.0,-288.0,-256.0,-464.0,-288.0,-256.0,-432.0,-336.0,-240.0,-432.0,-336.0,-240.0,-432.0,-336.0,-240.0,-432.0,-384.0,-272.0,-272.0,-384.0,-272.0,-272.0,-384.0,-272.0,-272.0,-384.0,-272.0,-544.0,-272.0,-176.0,-544.0,-272.0,-176.0,-544.0,-272.0,-176.0,-816.0,-192.0,-144.0,-816.0,-192.0,-144.0,-816.0,-192.0,-144.0,-816.0,-160.0,-272.0,-912.0,-160.0,-272.0,-912.0,-160.0,-272.0,-912.0,-160.0,-272.0,-1040.0,-144.0,-720.0,-1040.0,-144.0,-720.0,-1040.0,-144.0,-720.0,-960.0,-192.0,-1152.0,-960.0,-192.0,-1152.0,-960.0,-192.0,-1152.0,-960.0,-256.0,-1472.0,-624.0,-256.0,-1472.0,-624.0,-256.0,-1472.0,-624.0,-256.0,-1472.0,-416.0,-304.0,-1328.0,-416.0,-304.0,-1328.0,
3,2,-512.0,-192.0,-640.0,-512.0,-192.0,-640.0,-512.0,-192.0,-640.0,-512.0,-192.0,-640.0,-512.0,-192.0,-768.0,-512.0,-192.0,-768.0,-512.0,-192.0,-768.0,-656.0,-144.0,-880.0,-656.0,-144.0,-880.0,-656.0,-144.0,-880.0,-848.0,-112.0,-1008.0,-848.0,-112.0,-1008.0,-848.0,-112.0,-1008.0,-848.0,-112.0,-1008.0,-848.0,-96.0,-1200.0,-848.0,-96.0,-1200.0,-848.0,-96.0,-1200.0,-672.0,-96.0,-1312.0,-672.0,-96.0,-1312.0,-672.0,-96.0,-1312.0,-576.0,-64.0,-1248.0,-576.0,-64.0,-1248.0,-576.0,-64.0,-1248.0,-576.0,-64.0,-1248.0,-464.0,-48.0,-1184.0,-464.0,-48.0,-1184.0,-464.0,-48.0,-1184.0,-384.0,-32.0,-1232.0,-384.0,-32.0,-1232.0,-384.0,-32.0,-1232.0,-112.0,-96.0,-1360.0,-112.0,-96.0,-1360.0,-112.0,-96.0,-1360.0,-112.0,-96.0,-1360.0,288.0,-192.0,-1552.0,288.0,-192.0,-1552.0,288.0,-192.0,-1552.0,624.0,-320.0,-1632.0,624.0,-320.0,-1632.0,624.0,-320.0,-1632.0,656.0,-352.0,-1728.0,656.0,-352.0,-1728.0,656.0,-352.0,-1728.0,656.0,-352.0,-1728.0,512.0,-272.0,-1584.0,512.0,-272.0,-1584.0,512.0,-272.0,-1584.0,336.0,-192.0,-1296.0,336.0,-192.0,-1296.0,336.0,-192.0,-1296.0,144.0,-176.0,-1088.0,144.0,-176.0,-1088.0,144.0,-176.0,-1088.0,144.0,-176.0,-1088.0,160.0,-208.0,-1168.0,160.0,-208.0,-1168.0,160.0,-208.0,-1168.0,432.0,-240.0,-1232.0,432.0,-240.0,-1232.0,432.0,-240.0,-1232.0,704.0,-272.0,-960.0,704.0,-272.0,-960.0,704.0,-272.0,-960.0,704.0,-272.0,-960.0,944.0,-384.0,-560.0,944.0,-384.0,-560.0,944.0,-384.0,-560.0,1104.0,-432.0,-272.0,1104.0,-432.0,-272.0,1104.0,-432.0,-272.0,1040.0,-448.0,-48.0,1040.0,-448.0,-48.0,1040.0,-448.0,-48.0,1040.0,-448.0,-48.0,720.0,-400.0,32.0,720.0,-400.0,32.0,720.0,-400.0,32.0,208.0,-272.0,-16.0,208.0,-272.0,-16.0,208.0,-272.0,-16.0,-32.0,-208.0,-64.0,-32.0,-208.0,-64.0,-32.0,-208.0,-64.0,-32.0,-208.0,-64.0,-256.0,-240.0,112.0,-256.0,-240.0,112.0,-256.0,-240.0,112.0,-624.0,-192.0,80.0,-624.0,-192.0,80.0,-624.0,-192.0,80.0,-720.0,-176.0,112.0,-720.0,-176.0,112.0,-720.0,-176.0,112.0,-720.0,-176.0,112.0,-720.0,-176.0,144.0,-720.0,-176.0,144.0,-720.0,-176.0,144.0,-944.0,-112.0,128.0,-944.0,-112.0,128.0,-944.0,-112.0,128.0,-1232.0,64.0,-192.0,-1232.0,64.0,-192.0,-1232.0,64.0,-192.0,-1232.0,64.0,-192.0,-1520.0,192.0,-352.0,-1520.0,192.0,-352.0,-1520.0,192.0,-352.0,-1616.0,176.0,-432.0,-1616.0,176.0,-432.0,-1616.0,176.0,-432.0,-1520.0,144.0,-1248.0,-1520.0,144.0,-1248.0,-1520.0,144.0,-1248.0,-1520.0,144.0,-1248.0,-928.0,-112.0,-2048.0,-928.0,-112.0,-2048.0,-928.0,-112.0,-2048.0,-320.0,-224.0,-2048.0,-320.0,-224.0,-2048.0,-320.0,-224.0,-2048.0,-160.0,-288.0,-2048.0,-160.0,-288.0,-2048.0,-160.0,-288.0,-2048.0,-160.0,-288.0,-2048.0,-288.0,-192.0,-1600.0,-288.0,-192.0,-1600.0,-288.0,-192.0,-1600.0,-384.0,-160.0,-1424.0,-384.0,-160.0,-1424.0,-384.0,-160.0,-1424.0,-304.0,-208.0,-1440.0,-304.0,-208.0,-1440.0,-304.0,-208.0,-1440.0,-304.0,-208.0,-1440.0,-320.0,-224.0,-1312.0,-320.0,-224.0,-1312.0,
3,2,-416.0,-192.0,-672.0,-416.0,-192.0,-672.0,-464.0,-160.0,-608.0,-464.0,-160.0,-608.0,-464.0,-160.0,-608.0,-528.0,-112.0,-576.0,-528.0,-112.0,-576.0,-528.0,-112.0,-576.0,-528.0,-112.0,-576.0,-736.0,-32.0,-528.0,-736.0,-32.0,-528.0,-736.0,-32.0,-528.0,-1072.0,32.0,-576.0,-1072.0,32.0,-576.0,-1072.0,32.0,-576.0,-1248.0,128.0,-976.0,-1248.0,128.0,-976.0,-1248.0,128.0,-976.0,-1248.0,128.0,-976.0,-768.0,64.0,-1312.0,-768.0,64.0,-1312.0,-768.0,64.0,-1312.0,-528.0,32.0,-1360.0,-528.0,32.0,-1360.0,-528.0,32.0,-1360.0,-640.0,128.0,-1312.0,-640.0,128.0,-1312.0,-640.0,128.0,-1312.0,-640.0,128.0,-1312.0,-784.0,224.0,-1408.0,-784.0,224.0,-1408.0,-784.0,224.0,-1408.0,-624.0,256.0,-1600.0,-624.0,256.0,-1600.0,-624.0,256.0,-1600.0,-160.0,176.0,-1808.0,-160.0,176.0,-1808.0,-160.0,176.0,-1808.0,-160.0,176.0,-1808.0,512.0,-16.0,-1952.0,512.0,-16.0,-1952.0,512.0,-16.0,-1952.0,1088.0,-160.0,-1936.0,1088.0,-160.0,-1936.0,1088.0,-160.0,-1936.0,1248.0,-240.0,-1744.0,1248.0,-240.0,-1744.0,1248.0,-240.0,-1744.0,1248.0,-240.0,-1744.0,992.0,-176.0,-1296.0,992.0,-176.0,-1296.0,992.0,-176.0,-1296.0,480.0,-112.0,-1008.0,480.0,-112.0,-1008.0,480.0,-112.0,-1008.0,96.0,-80.0,-1040.0,96.0,-80.0,-1040.0,96.0,-80.0,-1040.0,96.0,-80.0,-1040.0,128.0,-112.0,-1184.0,128.0,-112.0,-1184.0,128.0,-112.0,-1184.0,384.0,-192.0,-1152.0,384.0,-192.0,-1152.0,384.0,-192.0,-1152.0,608.0,-192.0,-896.0,608.0,-192.0,-896.0,608.0,-192.0,-896.0,608.0,-192.0,-416.0,880.0,-272.0,-416.0,880.0,-272.0,-416.0,880.0,-272.0,-416.0,896.0,-400.0,80.0,896.0,-400.0,80.0,896.0,-400.0,80.0,672.0,-400.0,144.0,672.0,-400.0,144.0,672.0,-400.0,144.0,672.0,-400.0,-64.0,272.0,-272.0,-64.0,272.0,-272.0,-64.0,272.0,-272.0,-64.0,-288.0,-144.0,-32.0,-288.0,-144.0,-32.0,-288.0,-144.0,-32.0,-416.0,-192.0,96.0,-416.0,-192.0,96.0,-416.0,-192.0,96.0,-416.0,-192.0,160.0,-704.0,-176.0,160.0,-704.0,-176.0,160.0,-704.0,-176.0,160.0,-864.0,-160.0,48.0,-864.0,-160.0,48.0,-864.0,-160.0,48.0,-784.0,-192.0,-48.0,-784.0,-192.0,-48.0,-784.0,-192.0,-48.0,-784.0,-192.0,-352.0,-832.0,-176.0,-352.0,-832.0,-176.0,-352.0,-832.0,-176.0,-352.0,-976.0,-96.0,-384.0,-976.0,-96.0,-384.0,-976.0,-96.0,-384.0,-1264.0,32.0,-64.0,-1264.0,32.0,-64.0,-1264.0,32.0,-64.0,-1264.0,128.0,-128.0,-1408.0,128.0,-128.0,-1408.0,128.0,-128.0,-1408.0,128.0,-128.0,-1136.0,-32.0,-848.0,-1136.0,-32.0,-848.0,-1136.0,-32.0,-848.0,-816.0,-224.0,-1824.0,-816.0,-224.0,-1824.0,-816.0,-224.0,-1824.0,-816.0,-144.0,-2048.0,-1056.0,-144.0,-2048.0,-1056.0,-144.0,-2048.0,-1056.0,-144.0,-2048.0,-1152.0,-128.0,-2000.0,-1152.0,-128.0,-2000.0,-1152.0,-128.0,-2000.0,-768.0,-144.0,-1360.0,-768.0,-144.0,-1360.0,-768.0,-144.0,-1360.0,-768.0,-208.0,-1264.0,-416.0,-208.0,-1264.0,-416.0,-208.0,-1264.0,-416.0,-208.0,-1264.0,
3,3,64.0,176.0,-992.0,64.0,176.0,-992.0,64.0,176.0,-992.0,64.0,176.0,-992.0,64.0,176.0,-992.0,64.0,176.0,-992.0,64.0,176.0,-992.0,64.0,176.0,-992.0,64.0,176.0,-992.0,64.0,176.0,-992.0,64.0,176.0,-992.0,64.0,176.0,-992.0,64.0,176.0,-992.0,64.0,176.0,-992.0,64.0,176.0,-992.0,64.0,176.0,-992.0,64.0,176.0,-992.0,64.0,176.0,-992.0,64.0,176.0,-992.0,64.0,176.0,-992.0,64.0,176.0,-992.0,64.0,176.0,-992.0,64.0,176.0,-992.0,64.0,176.0,-992.0,64.0,176.0,-992.0,64.0,176.0,-992.0,64.0,176.0,-992.0,64.0,176.0,-992.0,64.0,176.0,-992.0,64.0,176.0,-1008.0,64.0,176.0,-1008.0,64.0,176.0,-1008.0,64.0,176.0,-992.0,64.0,176.0,-992.0,64.0,176.0,-992.0,48.0,176.0,-992.0,48.0,176.0,-992.0,48.0,176.0,-992.0,48.0,176.0,-992.0,64.0,176.0,-992.0,64.0,176.0,-992.0,64.0,176.0,-992.0,64.0,176.0,-992.0,64.0,176.0,-992.0,64.0,176.0,-992.0,64.0,176.0,-992.0,64.0,176.0,-992.0,64.0,176.0,-992.0,64.0,176.0,-992.0,64.0,176.0,-1008.0,64.0,176.0,-1008.0,64.0,176.0,-1008.0,64.0,176.0,-992.0,64.0,176.0,-992.0,64.0,176.0,-992.0,48.0,192.0,-976.0,48.0,192.0,-976.0,48.0,192.0,-976.0,48.0,192.0,-976.0,64.0,176.0,-1008.0,64.0,176.0,-1008.0,64.0,176.0,-1008.0,64.0,176.0,-992.0,64.0,176.0,-992.0,64.0,176.0,-992.0,64.0,176.0,-992.0,64.0,176.0,-992.0,64.0,176.0,-992.0,64.0,176.0,-992.0,64.0,176.0,-992.0,64.0,176.0,-992.0,64.0,176.0,-992.0,64.0,176.0,-992.0,64.0,176.0,-992.0,64.0,176.0,-992.0,64.0,176.0,-992.0,64.0,176.0,-992.0,64.0,176.0,-992.0,64.0,176.0,-992.0,48.0,176.0,-992.0,48.0,176.0,-992.0,48.0,176.0,-992.0,64.0,176.0,-992.0,64.0,176.0,-992.0,64.0,176.0,-992.0,64.0,176.0,-992.0,64.0,176.0,-992.0,64.0,176.0,-992.0,64.0,176.0,-992.0,48.0,176.0,-992.0,48.0,176.0,-992.0,48.0,176.0,-992.0,64.0,176.0,-992.0,64.0,176.0,-992.0,64.0,176.0,-992.0,64.0,192.0,-992.0,64.0,192.0,-992.0,64.0,192.0,-992.0,64.0,192.0,-976.0,64.0,176.0,-976.0,64.0,176.0,-976.0,64.0,176.0,-976.0,64.0,176.0,-992.0,64.0,176.0,-992.0,64.0,176.0,-992.0,64.0,176.0,-992.0,64.0,176.0,-992.0,64.0,176.0,-992.0,64.0,176.0,-992.0,64.0,192.0,-992.0,64.0,192.0,-992.0,64.0,192.0,-992.0,64.0,176.0,-992.0,64.0,176.0,-992.0,64.0,176.0,-992.0,64.0,176.0,-976.0,64.0,176.0,-976.0,64.0,176.0,-976.0,64.0,176.0,-1008.0,64.0,176.0,-1008.0,64.0,176.0,-1008.0,64.0,176.0,-1008.0,64.0,176.0,-1008.0,64.0,176.0,-1008.0,64.0,176.0,-1008.0,64.0,176.0,-992.0,64.0,176.0,-992.0,64.0,176.0,-992.0,64.0,176.0,-992.0,64.0,176.0,-992.0,64.0,176.0,-992.0,64.0,176.0,-992.0,64.0,176.0,-992.0,64.0,176.0,-992.0,64.0,176.0,-992.0,48.0,160.0,-1008.0,48.0,160.0,-1008.0,48.0,160.0,-1008.0,48.0,176.0,-1008.0,64.0,176.0,-1008.0,64.0,176.0,-1008.0,64.0,176.0,-1008.0,64.0,176.0,-992.0,64.0,176.0,-992.0,64.0,176.0,-992.0,48.0,176.0,-992.0,48.0,176.0,-992.0,48.0,176.0,-992.0,64.0,176.0,-992.0,64.0,176.0,-992.0,64.0,176.0,-992.0,64.0,176.0,-992.0,64.0,176.0,-992.0,64.0,176.0,-992.0,64.0,176.0,-992.0,64.0,176.0,-992.0,64.0,176.0,-992.0,64.0,176.0,-992.0,48.0,176.0,-992.0,48.0,176.0,-992.0,48.0,176.0,-992.0,48.0,176.0,-992.0,64.0,176.0,-992.0,64.0,176.0,-992.0,64.0,176.0,-992.0,64.0,176.0,-1008.0,64.0,176.0,-1008.0,64.0,176.0,-1008.0,64.0,176.0,-992.0,64.0,176.0,-992.0,64.0,176.0,-992.0,64.0,176.0,-992.0,48.0,176.0,-992.0,48.0,176.0,-992.0,48.0,176.0,-992.0,64.0,176.0,-992.0,64.0,176.0,-992.0,64.0,176.0,-992.0,64.0,176.0,-992.0,64.0,176.0,-992.0,64.0,176.0,-992.0,64.0,176.0,-992.0,64.0,176.0,-992.0,64.0,176.0,-992.0,64.0,176.0,-992.0,64.0,176.0,-992.0,64.0,176.0,-992.0,64.0,176.0,-992.0,64.0,176.0,-992.0,64.0,176.0,-992.0,64.0,176.0,-992.0,64.0,176.0,-992.0,64.0,176.0,-992.0,64.0,176.0,-992.0,64.0,176.0,-992.0,64.0,176.0,-992.0,64.0,176.0,-992.0,64.0,176.0,-992.0,48.0,176.0,-992.0,48.0,176.0,-992.0,48.0,176.0,-992.0,48.0,176.0,-992.0,64.0,176.0,-992.0,64.0,176.0,-992.0,64.0,176.0,-992.0,48.0,176.0,-992.0,48.0,176.0,-992.0,48.0,176.0,-992.0,64.0,176.0,-976.0,64.0,176.0,-976.0,64.0,176.0,-976.0,64.0,176.0,-976.0,48.0,176.0,-992.0,48.0,176.0,-992.0,48.0,176.0,-992.0,64.0,176.0,-992.0,64.0,176.0,-992.0,64.0,176.0,-992.0,64.0,176.0,-992.0,64.0,176.0,-992.0,64.0,176.0,-992.0,64.0,176.0,-992.0,64.0,176.0,-992.0,64.0,176.0,-992.0,64.0,176.0,-992.0,64.0,176.0,-992.0,64.0,176.0,-992.0,64.0,176.0,-992.0,48.0,176.0,-992.0,48.0,176.0,-992.0,48.0,176.0,-992.0,48.0,176.0,-992.0,64.0,176.0,-992.0,64.0,176.0,-992.0,64.0,176.0,-992.0,
3,3,48.0,176.0,-992.0,48.0,176.0,-992.0,48.0,176.0,-992.0,48.0,176.0,-976.0,48.0,176.0,-976.0,48.0,176.0,-976.0,48.0,176.0,-976.0,64.0,176.0,-992.0,64.0,176.0,-992.0,64.0,176.0,-992.0,64.0,176.0,-992.0,64.0,176.0,-992.0,64.0,176.0,-992.0,64.0,176.0,-992.0,64.0,176.0,-992.0,64.0,176.0,-992.0,64.0,176.0,-992.0,48.0,176.0,-992.0,48.0,176.0,-992.0,48.0,176.0,-992.0,64.0,176.0,-992.0,64.0,176.0,-992.0,64.0,176.0,-992.0,64.0,192.0,-992.0,64.0,192.0,-992.0,64.0,192.0,-992.0,64.0,192.0,-992.0,64.0,176.0,-992.0,64.0,176.0,-992.0,64.0,176.0,-992.0,64.0,176.0,-992.0,64.0,176.0,-992.0,64.0,176.0,-992.0,64.0,176.0,-992.0,64.0,176.0,-992.0,64.0,176.0,-992.0,64.0,176.0,-992.0,64.0,176.0,-992.0,64.0,176.0,-992.0,64.0,176.0,-992.0,64.0,176.0,-992.0,64.0,176.0,-992.0,64.0,176.0,-992.0,64.0,176.0,-992.0,64.0,176.0,-992.0,64.0,176.0,-992.0,64.0,176.0,-992.0,64.0,176.0,-992.0,64.0,176.0,-992.0,64.0,176.0,-992.0,64.0,176.0,-992.0,64.0,176.0,-992.0,64.0,176.0,-992.0,48.0,176.0,-992.0,48.0,176.0,-992.0,48.0,176.0,-992.0,48.0,176.0,-992.0,64.0,176.0,-992.0,64.0,176.0,-992.0,64.0,176.0,-992.0,64.0,176.0,-992.0,64.0,176.0,-992.0,64.0,176.0,-992.0,64.0,176.0,-992.0,64.0,176.0,-992.0,64.0,176.0,-992.0,64.0,176.0,-992.0,64.0,176.0,-992.0,64.0,176.0,-992.0,64.0,176.0,-992.0,64.0,176.0,-992.0,64.0,176.0,-992.0,64.0,176.0,-992.0,64.0,192.0,-976.0,64.0,192.0,-976.0,64.0,192.0,-976.0,64.0,192.0,-976.0,64.0,176.0,-992.0,64.0,176.0,-992.0,64.0,176.0,-992.0,64.0,176.0,-992.0,64.0,176.0,-992.0,64.0,176.0,-992.0,48.0,176.0,-992.0,48.0,176.0,-992.0,48.0,176.0,-992.0,48.0,176.0,-992.0,64.0,176.0,-992.0,64.0,176.0,-992.0,64.0,176.0,-992.0,64.0,176.0,-992.0,64.0,176.0,-992.0,64.0,176.0,-992.0,48.0,176.0,-992.0,48.0,176.0,-992.0,48.0,176.0,-992.0,48.0,176.0,-992.0,64.0,176.0,-992.0,64.0,176.0,-992.0,64.0,176.0,-992.0,48.0,176.0,-992.0,48.0,176.0,-992.0,48.0,176.0,-992.0,64.0,176.0,-992.0,64.0,176.0,-992.0,64.0,176.0,-992.0,64.0,176.0,-992.0,48.0,192.0,-992.0,48.0,192.0,-992.0,48.0,192.0,-992.0,64.0,176.0,-992.0,64.0,176.0,-992.0,64.0,176.0,-992.0,48.0,176.0,-992.0,48.0,176.0,-992.0,48.0,176.0,-992.0,48.0,176.0,-992.0,64.0,192.0,-992.0,64.0,192.0,-992.0,64.0,192.0,-992.0,64.0,176.0,-992.0,64.0,176.0,-992.0,64.0,176.0,-992.0,48.0,176.0,-992.0,48.0,176.0,-992.0,48.0,176.0,-992.0,48.0,176.0,-992.0,64.0,176.0,-992.0,64.0,176.0,-992.0,64.0,176.0,-992.0,48.0,176.0,-992.0,48.0,176.0,-992.0,48.0,176.0,-992.0,64.0,176.0,-1008.0,64.0,176.0,-1008.0,64.0,176.0,-1008.0,64.0,176.0,-1008.0,48.0,176.0,-1008.0,48.0,176.0,-1008.0,48.0,176.0,-1008.0,64.0,176.0,-992.0,64.0,176.0,-992.0,64.0,176.0,-992.0,48.0,176.0,-992.0,48.0,176.0,-992.0,48.0,176.0,-992.0,48.0,176.0,-992.0,64.0,176.0,-992.0,64.0,176.0,-992.0,64.0,176.0,-992.0,64.0,176.0,-992.0,64.0,176.0,-992.0,64.0,176.0,-992.0,64.0,176.0,-992.0,64.0,176.0,-992.0,64.0,176.0,-992.0,64.0,176.0,-992.0,64.0,176.0,-992.0,64.0,176.0,-992.0,64.0,176.0,-992.0,64.0,176.0,-992.0,64.0,176.0,-992.0,64.0,176.0,-992.0,48.0,176.0,-992.0,48.0,176.0,-992.0,48.0,176.0,-992.0,48.0,176.0,-992.0,48.0,176.0,-992.0,48.0,176.0,-992.0,48.0,176.0,-992.0,64.0,176.0,-992.0,64.0,176.0,-992.0,64.0,176.0,-992.0,48.0,176.0,-992.0,48.0,176.0,-992.0,48.0,176.0,-992.0,64.0,192.0,-976.0,64.0,192.0,-976.0,64.0,192.0,-976.0,64.0,192.0,-976.0,64.0,176.0,-992.0,64.0,176.0,-992.0,64.0,176.0,-992.0,64.0,176.0,-976.0,64.0,176.0,-976.0,64.0,176.0,-976.0,64.0,176.0,-992.0,64.0,176.0,-992.0,64.0,176.0,-992.0,64.0,176.0,-992.0,64.0,176.0,-992.0,64.0,176.0,-992.0,64.0,176.0,-992.0,64.0,176.0,-992.0,64.0,176.0,-992.0,64.0,176.0,-992.0,64.0,176.0,-976.0,64.0,176.0,-976.0,64.0,176.0,-976.0,64.0,176.0,-976.0,64.0,176.0,-992.0,64.0,176.0,-992.0,64.0,176.0,-992.0,64.0,176.0,-992.0,64.0,176.0,-992.0,64.0,176.0,-992.0,64.0,176.0,-992.0,64.0,176.0,-992.0,64.0,176.0,-992.0,64.0,176.0,-992.0,64.0,176.0,-992.0,64.0,176.0,-992.0,64.0,176.0,-992.0,64.0,176.0,-992.0,64.0,176.0,-992.0,64.0,176.0,-992.0,48.0,192.0,-992.0,48.0,192.0,-992.0,48.0,192.0,-992.0,48.0,192.0,-992.0,64.0,176.0,-1008.0,64.0,176.0,-1008.0,64.0,176.0,-1008.0,64.0,176.0,-992.0,64.0,176.0,-992.0,64.0,176.0,-992.0,64.0,176.0,-992.0,64.0,176.0,-992.0,64.0,176.0,-992.0,64.0,176.0,-992.0,64.0,176.0,-992.0,64.0,176.0,-992.0,64.0,176.0,-992.0,64.0,176.0,-992.0,64.0,176.0,-992.0,64.0,176.0,-992.0,64.0,160.0,-992.0,64.0,160.0,-992.0,64.0,160.0,-992.0,64.0,160.0,-992.0,64.0,176.0,-992.0,64.0,176.0,-992.0,64.0,176.0,-992.0,64.0,192.0,-992.0,64.0,192.0,-992.0,64.0,192.0,-992.0,48.0,176.0,-992.0,48.0,176.0,-992.0,48.0,176.0,-992.0,48.0,176.0,-992.0,64.0,176.0,-992.0,64.0,176.0,-992.0,64.0,176.0,-992.0,
3,3,64.0,176.0,-992.0,48.0,176.0,-992.0,48.0,176.0,-992.0,48.0,176.0,-992.0,48.0,176.0,-992.0,48.0,176.0,-992.0,48.0,176.0,-992.0,48.0,176.0,-992.0,64.0,176.0,-992.0,64.0,176.0,-992.0,64.0,176.0,-992.0,48.0,176.0,-992.0,48.0,176.0,-992.0,48.0,176.0,-992.0,48.0,176.0,-992.0,64.0,176.0,-992.0,64.0,176.0,-992.0,64.0,176.0,-992.0,64.0,176.0,-992.0,64.0,176.0,-992.0,64.0,176.0,-992.0,64.0,176.0,-992.0,64.0,176.0,-992.0,64.0,176.0,-992.0,64.0,176.0,-992.0,64.0,176.0,-992.0,64.0,176.0,-992.0,64.0,176.0,-992.0,64.0,176.0,-992.0,64.0,176.0,-992.0,64.0,176.0,-992.0,64.0,176.0,-992.0,64.0,176.0,-992.0,64.0,176.0,-992.0,64.0,176.0,-992.0,48.0,176.0,-1008.0,48.0,176.0,-1008.0,48.0,176.0,-1008.0,64.0,176.0,-992.0,64.0,176.0,-992.0,64.0,176.0,-992.0,64.0,176.0,-992.0,64.0,176.0,-992.0,64.0,176.0,-992.0,64.0,176.0,-992.0,64.0,176.0,-992.0,64.0,176.0,-992.0,64.0,176.0,-992.0,64.0,176.0,-992.0,64.0,176.0,-992.0,64.0,176.0,-992.0,48.0,176.0,-992.0,48.0,176.0,-992.0,48.0,176.0,-992.0,48.0,176.0,-992.0,64.0,176.0,-992.0,64.0,176.0,-992.0,64.0,176.0,-992.0,64.0,176.0,-992.0,64.0,176.0,-992.0,64.0,176.0,-992.0,64.0,176.0,-992.0,64.0,176.0,-992.0,64.0,176.0,-992.0,64.0,176.0,-992.0,48.0,192.0,-992.0,48.0,192.0,-992.0,48.0,192.0,-992.0,48.0,176.0,-992.0,48.0,176.0,-992.0,48.0,176.0,-992.0,64.0,176.0,-992.0,64.0,176.0,-992.0,64.0,176.0,-992.0,64.0,176.0,-992.0,64.0,176.0,-992.0,64.0,176.0,-992.0,64.0,176.0,-992.0,64.0,176.0,-992.0,64.0,176.0,-992.0,64.0,176.0,-992.0,64.0,176.0,-992.0,64.0,176.0,-992.0,64.0,176.0,-992.0,64.0,176.0,-1008.0,64.0,176.0,-1008.0,64.0,176.0,-1008.0,64.0,176.0,-1008.0,64.0,176.0,-992.0,64.0,176.0,-992.0,64.0,176.0,-992.0,64.0,176.0,-992.0,64.0,176.0,-992.0,64.0,176.0,-992.0,64.0,176.0,-992.0,48.0,176.0,-992.0,48.0,176.0,-992.0,48.0,176.0,-992.0,64.0,176.0,-992.0,64.0,176.0,-992.0,64.0,176.0,-992.0,64.0,176.0,-992.0,64.0,176.0,-992.0,64.0,176.0,-992.0,64.0,176.0,-992.0,48.0,176.0,-992.0,48.0,176.0,-992.0,48.0,176.0,-992.0,64.0,176.0,-992.0,64.0,176.0,-992.0,64.0,176.0,-992.0,64.0,192.0,-992.0,64.0,192.0,-992.0,64.0,192.0,-992.0,64.0,192.0,-976.0,64.0,176.0,-976.0,64.0,176.0,-976.0,64.0,176.0,-976.0,48.0,176.0,-992.0,48.0,176.0,-992.0,48.0,176.0,-992.0,48.0,176.0,-992.0,48.0,176.0,-992.0,48.0,176.0,-992.0,48.0,176.0,-992.0,64.0,176.0,-992.0,64.0,176.0,-992.0,64.0,176.0,-992.0,64.0,176.0,-992.0,64.0,176.0,-992.0,64.0,176.0,-992.0,48.0,176.0,-1008.0,48.0,176.0,-1008.0,48.0,176.0,-1008.0,48.0,192.0,-992.0,48.0,192.0,-992.0,48.0,192.0,-992.0,48.0,192.0,-992.0,64.0,176.0,-992.0,64.0,176.0,-992.0,64.0,176.0,-992.0,64.0,176.0,-992.0,64.0,176.0,-992.0,64.0,176.0,-992.0,64.0,176.0,-992.0,64.0,176.0,-992.0,64.0,176.0,-992.0,64.0,176.0,-992.0,64.0,176.0,-992.0,64.0,176.0,-992.0,64.0,176.0,-992.0,64.0,176.0,-992.0,64.0,176.0,-992.0,64.0,176.0,-992.0,64.0,176.0,-976.0,64.0,176.0,-976.0,64.0,176.0,-976.0,64.0,176.0,-976.0,64.0,176.0,-992.0,64.0,176.0,-992.0,64.0,176.0,-992.0,64.0,176.0,-1008.0,64.0,176.0,-1008.0,64.0,176.0,-1008.0,64.0,176.0,-992.0,64.0,176.0,-992.0,64.0,176.0,-992.0,64.0,176.0,-992.0,64.0,176.0,-992.0,64.0,176.0,-992.0,64.0,176.0,-992.0,64.0,176.0,-992.0,64.0,176.0,-992.0,64.0,176.0,-992.0,48.0,176.0,-992.0,48.0,176.0,-992.0,48.0,176.0,-992.0,48.0,176.0,-992.0,64.0,176.0,-992.0,64.0,176.0,-992.0,64.0,176.0,-992.0,48.0,176.0,-992.0,48.0,176.0,-992.0,48.0,176.0,-992.0,64.0,176.0,-992.0,64.0,176.0,-992.0,64.0,176.0,-992.0,64.0,176.0,-992.0,64.0,176.0,-992.0,64.0,176.0,-992.0,
3,3,-288.0,-464.0,-848.0,-288.0,-464.0,-848.0,-288.0,-464.0,-848.0,-288.0,-480.0,-832.0,-288.0,-480.0,-832.0,-288.0,-480.0,-832.0,-288.0,-480.0,-832.0,-304.0,-464.0,-816.0,-304.0,-464.0,-816.0,-304.0,-464.0,-816.0,-320.0,-464.0,-816.0,-320.0,-464.0,-816.0,-320.0,-464.0,-816.0,-336.0,-464.0,-816.0,-336.0,-464.0,-816.0,-336.0,-464.0,-816.0,-336.0,-464.0,-816.0,-288.0,-464.0,-848.0,-288.0,-464.0,-848.0,-288.0,-464.0,-848.0,-288.0,-464.0,-880.0,-288.0,-464.0,-880.0,-288.0,-464.0,-880.0,-320.0,-464.0,-816.0,-320.0,-464.0,-816.0,-320.0,-464.0,-816.0,-320.0,-464.0,-816.0,-320.0,-448.0,-784.0,-320.0,-448.0,-784.0,-320.0,-448.0,-784.0,-272.0,-464.0,-816.0,-272.0,-464.0,-816.0,-272.0,-464.0,-816.0,-272.0,-464.0,-848.0,-272.0,-464.0,-848.0,-272.0,-464.0,-848.0,-272.0,-464.0,-848.0,-304.0,-464.0,-832.0,-304.0,-464.0,-832.0,-304.0,-464.0,-832.0,-320.0,-448.0,-816.0,-320.0,-448.0,-816.0,-320.0,-448.0,-816.0,-304.0,-464.0,-800.0,-304.0,-464.0,-800.0,-304.0,-464.0,-800.0,-304.0,-464.0,-800.0,-288.0,-464.0,-832.0,-288.0,-464.0,-832.0,-288.0,-464.0,-832.0,-304.0,-464.0,-832.0,-304.0,-464.0,-832.0,-304.0,-464.0,-832.0,-304.0,-464.0,-816.0,-304.0,-464.0,-816.0,-304.0,-464.0,-816.0,-304.0,-464.0,-816.0,-304.0,-464.0,-848.0,-304.0,-464.0,-848.0,-304.0,-464.0,-848.0,-304.0,-464.0,-848.0,-304.0,-464.0,-848.0,-304.0,-464.0,-848.0,-304.0,-480.0,-816.0,-304.0,-480.0,-816.0,-304.0,-480.0,-816.0,-304.0,-480.0,-816.0,-288.0,-464.0,-864.0,-288.0,-464.0,-864.0,-288.0,-464.0,-864.0,-288.0,-464.0,-832.0,-288.0,-464.0,-832.0,-288.0,-464.0,-832.0,-304.0,-464.0,-800.0,-304.0,-464.0,-800.0,-304.0,-464.0,-800.0,-304.0,-464.0,-800.0,-288.0,-464.0,-816.0,-288.0,-464.0,-816.0,-288.0,-464.0,-816.0,-304.0,-464.0,-864.0,-304.0,-464.0,-864.0,-304.0,-464.0,-864.0,-288.0,-464.0,-848.0,-288.0,-464.0,-848.0,-288.0,-464.0,-848.0,-288.0,-464.0,-848.0,-288.0,-464.0,-800.0,-288.0,-464.0,-800.0,-288.0,-464.0,-800.0,-304.0,-448.0,-816.0,-304.0,-448.0,-816.0,-304.0,-448.0,-816.0,-320.0,-464.0,-800.0,-320.0,-464.0,-800.0,-320.0,-464.0,-800.0,-320.0,-464.0,-800.0,-304.0,-464.0,-848.0,-304.0,-464.0,-848.0,-304.0,-464.0,-848.0,-288.0,-464.0,-848.0,-288.0,-464.0,-848.0,-288.0,-464.0,-848.0,-304.0,-464.0,-832.0,-304.0,-464.0,-832.0,-304.0,-464.0,-832.0,-304.0,-464.0,-832.0,-304.0,-464.0,-816.0,-304.0,-464.0,-816.0,-304.0,-464.0,-816.0,-304.0,-464.0,-832.0,-304.0,-464.0,-832.0,-304.0,-464.0,-832.0,-288.0,-464.0,-832.0,-288.0,-464.0,-832.0,-288.0,-464.0,-832.0,-288.0,-464.0,-832.0,-304.0,-464.0,-816.0,-304.0,-464.0,-816.0,-304.0,-464.0,-816.0,-304.0,-464.0,-816.0,-304.0,-464.0,-816.0,-304.0,-464.0,-816.0,-304.0,-480.0,-848.0,-304.0,-480.0,-848.0,-304.0,-480.0,-848.0,-304.0,-480.0,-848.0,-288.0,-464.0,-832.0,-288.0,-464.0,-832.0,-288.0,-464.0,-832.0,-304.0,-448.0,-816.0,-304.0,-448.0,-816.0,-304.0,-448.0,-816.0,-288.0,-464.0,-832.0,-288.0,-464.0,-832.0,-288.0,-464.0,-832.0,-288.0,-464.0,-832.0,-288.0,-464.0,-880.0,-288.0,-464.0,-880.0,-288.0,-464.0,-880.0,-288.0,-464.0,-832.0,-288.0,-464.0,-832.0,-288.0,-464.0,-832.0,-304.0,-464.0,-816.0,-304.0,-464.0,-816.0,-304.0,-464.0,-816.0,-304.0,-464.0,-800.0,-304.0,-448.0,-800.0,-304.0,-448.0,-800.0,-304.0,-448.0,-800.0,-288.0,-464.0,-816.0,-288.0,-464.0,-816.0,-288.0,-464.0,-816.0,-288.0,-464.0,-800.0,-288.0,-464.0,-800.0,-288.0,-464.0,-800.0,-288.0,-464.0,-816.0,-304.0,-448.0,-816.0,-304.0,-448.0,-816.0,-304.0,-448.0,-816.0,-304.0,-464.0,-832.0,-304.0,-464.0,-832.0,-304.0,-464.0,-832.0,-288.0,-464.0,-864.0,-288.0,-464.0,-864.0,-288.0,-464.0,-864.0,-288.0,-464.0,-848.0,-288.0,-464.0,-848.0,-288.0,-464.0,-848.0,-288.0,-464.0,-848.0,-304.0,-464.0,-880.0,-304.0,-464.0,-880.0,-304.0,-464.0,-880.0,-304.0,-464.0,-864.0,-304.0,-464.0,-864.0,-304.0,-464.0,-864.0,-304.0,-464.0,-832.0,
3,3,-288.0,-464.0,-864.0,-288.0,-464.0,-832.0,-288.0,-464.0,-832.0,-288.0,-464.0,-832.0,-288.0,-464.0,-800.0,-288.0,-464.0,-800.0,-288.0,-464.0,-800.0,-288.0,-464.0,-800.0,-288.0,-464.0,-816.0,-288.0,-464.0,-816.0,-288.0,-464.0,-816.0,-288.0,-480.0,-832.0,-288.0,-480.0,-832.0,-288.0,-480.0,-832.0,-288.0,-464.0,-848.0,-288.0,-464.0,-848.0,-288.0,-464.0,-848.0,-288.0,-464.0,-848.0,-304.0,-464.0,-816.0,-304.0,-464.0,-816.0,-304.0,-464.0,-816.0,-304.0,-464.0,-800.0,-304.0,-464.0,-800.0,-304.0,-464.0,-800.0,-288.0,-448.0,-848.0,-288.0,-448.0,-848.0,-288.0,-448.0,-848.0,-288.0,-448.0,-848.0,-288.0,-464.0,-880.0,-288.0,-464.0,-880.0,-288.0,-464.0,-880.0,-288.0,-448.0,-864.0,-288.0,-448.0,-864.0,-288.0,-448.0,-864.0,-288.0,-464.0,-816.0,-288.0,-464.0,-816.0,-288.0,-464.0,-816.0,-288.0,-464.0,-816.0,-272.0,-464.0,-816.0,-272.0,-464.0,-816.0,-272.0,-464.0,-816.0,-288.0,-464.0,-816.0,-288.0,-464.0,-816.0,-288.0,-464.0,-816.0,-288.0,-464.0,-864.0,-288.0,-464.0,-864.0,-288.0,-464.0,-864.0,-288.0,-464.0,-864.0,-304.0,-464.0,-880.0,-304.0,-464.0,-880.0,-304.0,-464.0,-880.0,-288.0,-464.0,-832.0,-288.0,-464.0,-832.0,-288.0,-464.0,-832.0,-272.0,-464.0,-800.0,-272.0,-464.0,-800.0,-272.0,-464.0,-800.0,-272.0,-464.0,-800.0,-288.0,-464.0,-848.0,-288.0,-464.0,-848.0,-288.0,-464.0,-848.0,-288.0,-464.0,-848.0,-288.0,-464.0,-848.0,-288.0,-464.0,-848.0,-288.0,-448.0,-816.0,-288.0,-448.0,-816.0,-288.0,-448.0,-816.0,-288.0,-448.0,-816.0,-320.0,-448.0,-800.0,-320.0,-448.0,-800.0,-320.0,-448.0,-800.0,-320.0,-464.0,-832.0,-320.0,-464.0,-832.0,-320.0,-464.0,-832.0,-288.0,-464.0,-880.0,-288.0,-464.0,-880.0,-288.0,-464.0,-880.0,-288.0,-464.0,-880.0,-272.0,-464.0,-832.0,-272.0,-464.0,-832.0,-272.0,-464.0,-832.0,-304.0,-464.0,-816.0,-304.0,-464.0,-816.0,-304.0,-464.0,-816.0,-320.0,-448.0,-848.0,-320.0,-448.0,-848.0,-320.0,-448.0,-848.0,-320.0,-448.0,-848.0,-272.0,-464.0,-864.0,-272.0,-464.0,-864.0,-272.0,-464.0,-864.0,-240.0,-480.0,-832.0,-240.0,-480.0,-832.0,-240.0,-480.0,-832.0,-256.0,-480.0,-784.0,-256.0,-480.0,-784.0,-256.0,-480.0,-784.0,-256.0,-480.0,-784.0,-304.0,-464.0,-800.0,-304.0,-464.0,-800.0,-304.0,-464.0,-800.0,-304.0,-464.0,-816.0,-304.0,-464.0,-816.0,-304.0,-464.0,-816.0,-256.0,-464.0,-864.0,-256.0,-464.0,-864.0,-256.0,-464.0,-864.0,-256.0,-464.0,-864.0,-272.0,-480.0,-848.0,-272.0,-480.0,-848.0,-272.0,-480.0,-848.0,-304.0,-464.0,-800.0,-304.0,-464.0,-800.0,-304.0,-464.0,-800.0,-304.0,-464.0,-816.0,-304.0,-464.0,-816.0,-304.0,-464.0,-816.0,-304.0,-464.0,-816.0,-288.0,-464.0,-848.0,-288.0,-464.0,-848.0,-288.0,-464.0,-848.0,-272.0,-480.0,-848.0,-272.0,-480.0,-848.0,-272.0,-480.0,-848.0,-304.0,-464.0,-864.0,-304.0,-464.0,-864.0,-304.0,-464.0,-864.0,-304.0,-464.0,-864.0,
